session_date,phase,cash,account_value,external_cash_flow,adjusted_account_value,adjusted_pnl,loss_percent,kospi_change_percent,positions_json,open_orders_json
2026-06-17,daily_loss_check,2123690,2123690,0,2123690,0,0.0,2.113508339593596,[],[]
2026-06-17,daily_loss_check,805597,2132197,0,2132197,8507,-0.4005763553060946,2.113508339593596,"[{""ticker"": ""012750"", ""quantity"": 8, ""avg_price"": 79000, ""raw"": {""stk_cd"": ""A012750"", ""stk_nm"": ""에스원"", ""evltv_prft"": ""-00000000003040"", ""prft_rt"": ""-0.48"", ""pur_pric"": ""000000000079000"", ""pred_close_pric"": ""000000081600"", ""rmnd_qty"": ""000000000000008"", ""trde_able_qty"": ""000000000000000"", ""cur_prc"": ""000000078800"", ""pred_buyq"": ""000000000000000"", ""pred_sellq"": ""000000000000000"", ""tdy_buyq"": ""000000000000008"", ""tdy_sellq"": ""000000000000000"", ""pur_amt"": ""000000000632000"", ""pur_cmsn"": ""000000000000090"", ""evlt_amt"": ""000000000630400"", ""sell_cmsn"": ""000000000000090"", ""tax"": ""000000000001260"", ""sum_cmsn"": ""000000000000180"", ""poss_rt"": ""47.31"", ""crd_tp"": ""00"", ""crd_tp_nm"": """", ""crd_loan_dt"": """"}}, {""ticker"": ""298020"", ""quantity"": 2, ""avg_price"": 352000, ""raw"": {""stk_cd"": ""A298020"", ""stk_nm"": ""효성티앤씨"", ""evltv_prft"": ""-00000000005600"", ""prft_rt"": ""-0.80"", ""pur_pric"": ""000000000352000"", ""pred_close_pric"": ""000000354500"", ""rmnd_qty"": ""000000000000002"", ""trde_able_qty"": ""000000000000000"", ""cur_prc"": ""000000350000"", ""pred_buyq"": ""000000000000000"", ""pred_sellq"": ""000000000000000"", ""tdy_buyq"": ""000000000000002"", ""tdy_sellq"": ""000000000000000"", ""pur_amt"": ""000000000704000"", ""pur_cmsn"": ""000000000000100"", ""evlt_amt"": ""000000000700000"", ""sell_cmsn"": ""000000000000100"", ""tax"": ""000000000001400"", ""sum_cmsn"": ""000000000000200"", ""poss_rt"": ""52.69"", ""crd_tp"": ""00"", ""crd_tp_nm"": """", ""crd_loan_dt"": """"}}]","[{""acnt_no"": ""5704609010"", ""ord_no"": ""0145773"", ""mang_empno"": """", ""stk_cd"": ""298020"", ""tsk_tp"": """", ""ord_stt"": ""접수"", ""stk_nm"": ""효성티앤씨"", ""ord_qty"": ""2"", ""ord_pric"": ""355500"", ""oso_qty"": ""2"", ""cntr_tot_amt"": ""0"", ""orig_ord_no"": ""0000000"", ""io_tp_nm"": ""-매도"", ""trde_tp"": ""보통"", ""tm"": ""091505"", ""cntr_no"": """", ""cntr_pric"": ""0"", ""cntr_qty"": ""0"", ""cur_prc"": ""-350000"", ""sel_bid"": ""-352000"", ""buy_bid"": ""-350000"", ""unit_cntr_pric"": """", ""unit_cntr_qty"": """", ""tdy_trde_cmsn"": ""0"", ""tdy_trde_tax"": ""0"", ""ind_invsr"": """", ""stex_tp"": ""1"", ""stex_tp_txt"": ""KRX"", ""sor_yn"": ""N"", ""stop_pric"": ""0""}, {""acnt_no"": ""5704609010"", ""ord_no"": ""0144462"", ""mang_empno"": """", ""stk_cd"": ""012750"", ""tsk_tp"": """", ""ord_stt"": ""접수"", ""stk_nm"": ""에스원"", ""ord_qty"": ""8"", ""ord_pric"": ""79900"", ""oso_qty"": ""8"", ""cntr_tot_amt"": ""0"", ""orig_ord_no"": ""0000000"", ""io_tp_nm"": ""-매도"", ""trde_tp"": ""보통"", ""tm"": ""091440"", ""cntr_no"": """", ""cntr_pric"": ""0"", ""cntr_qty"": ""0"", ""cur_prc"": ""-78800"", ""sel_bid"": ""-78900"", ""buy_bid"": ""-78800"", ""unit_cntr_pric"": """", ""unit_cntr_qty"": """", ""tdy_trde_cmsn"": ""0"", ""tdy_trde_tax"": ""0"", ""ind_invsr"": """", ""stex_tp"": ""1"", ""stex_tp_txt"": ""KRX"", ""sor_yn"": ""N"", ""stop_pric"": ""0""}]"
2026-06-17,daily_loss_check,805597,2128397,0,2128397,4707,-0.22164251844666596,2.113508339593596,"[{""ticker"": ""012750"", ""quantity"": 8, ""avg_price"": 79000, ""raw"": {""stk_cd"": ""A012750"", ""stk_nm"": ""에스원"", ""evltv_prft"": ""-00000000009428"", ""prft_rt"": ""-1.49"", ""pur_pric"": ""000000000079000"", ""pred_close_pric"": ""000000081600"", ""rmnd_qty"": ""000000000000008"", ""trde_able_qty"": ""000000000000000"", ""cur_prc"": ""000000078000"", ""pred_buyq"": ""000000000000000"", ""pred_sellq"": ""000000000000000"", ""tdy_buyq"": ""000000000000008"", ""tdy_sellq"": ""000000000000000"", ""pur_amt"": ""000000000632000"", ""pur_cmsn"": ""000000000000090"", ""evlt_amt"": ""000000000624000"", ""sell_cmsn"": ""000000000000090"", ""tax"": ""000000000001248"", ""sum_cmsn"": ""000000000000180"", ""poss_rt"": ""47.31"", ""crd_tp"": ""00"", ""crd_tp_nm"": """", ""crd_loan_dt"": """"}}, {""ticker"": ""298020"", ""quantity"": 2, ""avg_price"": 352000, ""raw"": {""stk_cd"": ""A298020"", ""stk_nm"": ""효성티앤씨"", ""evltv_prft"": ""-00000000007596"", ""prft_rt"": ""-1.08"", ""pur_pric"": ""000000000352000"", ""pred_close_pric"": ""000000354500"", ""rmnd_qty"": ""000000000000002"", ""trde_able_qty"": ""000000000000000"", ""cur_prc"": ""000000349000"", ""pred_buyq"": ""000000000000000"", ""pred_sellq"": ""000000000000000"", ""tdy_buyq"": ""000000000000002"", ""tdy_sellq"": ""000000000000000"", ""pur_amt"": ""000000000704000"", ""pur_cmsn"": ""000000000000100"", ""evlt_amt"": ""000000000698000"", ""sell_cmsn"": ""000000000000100"", ""tax"": ""000000000001396"", ""sum_cmsn"": ""000000000000200"", ""poss_rt"": ""52.69"", ""crd_tp"": ""00"", ""crd_tp_nm"": """", ""crd_loan_dt"": """"}}]","[{""acnt_no"": ""5704609010"", ""ord_no"": ""0145773"", ""mang_empno"": """", ""stk_cd"": ""298020"", ""tsk_tp"": """", ""ord_stt"": ""접수"", ""stk_nm"": ""효성티앤씨"", ""ord_qty"": ""2"", ""ord_pric"": ""355500"", ""oso_qty"": ""2"", ""cntr_tot_amt"": ""0"", ""orig_ord_no"": ""0000000"", ""io_tp_nm"": ""-매도"", ""trde_tp"": ""보통"", ""tm"": ""091505"", ""cntr_no"": """", ""cntr_pric"": ""0"", ""cntr_qty"": ""0"", ""cur_prc"": ""-349000"", ""sel_bid"": ""-349500"", ""buy_bid"": ""-349000"", ""unit_cntr_pric"": """", ""unit_cntr_qty"": """", ""tdy_trde_cmsn"": ""0"", ""tdy_trde_tax"": ""0"", ""ind_invsr"": """", ""stex_tp"": ""1"", ""stex_tp_txt"": ""KRX"", ""sor_yn"": ""N"", ""stop_pric"": ""0""}, {""acnt_no"": ""5704609010"", ""ord_no"": ""0144462"", ""mang_empno"": """", ""stk_cd"": ""012750"", ""tsk_tp"": """", ""ord_stt"": ""접수"", ""stk_nm"": ""에스원"", ""ord_qty"": ""8"", ""ord_pric"": ""79900"", ""oso_qty"": ""8"", ""cntr_tot_amt"": ""0"", ""orig_ord_no"": ""0000000"", ""io_tp_nm"": ""-매도"", ""trde_tp"": ""보통"", ""tm"": ""091440"", ""cntr_no"": """", ""cntr_pric"": ""0"", ""cntr_qty"": ""0"", ""cur_prc"": ""-78000"", ""sel_bid"": ""-78100"", ""buy_bid"": ""-78000"", ""unit_cntr_pric"": """", ""unit_cntr_qty"": """", ""tdy_trde_cmsn"": ""0"", ""tdy_trde_tax"": ""0"", ""ind_invsr"": """", ""stex_tp"": ""1"", ""stex_tp_txt"": ""KRX"", ""sor_yn"": ""N"", ""stop_pric"": ""0""}]"
2026-06-17,daily_loss_check,805597,2138397,0,2138397,14707,-0.692521036497794,2.113508339593596,"[{""ticker"": ""012750"", ""quantity"": 8, ""avg_price"": 79000, ""raw"": {""stk_cd"": ""A012750"", ""stk_nm"": ""에스원"", ""evltv_prft"": ""-00000000007032"", ""prft_rt"": ""-1.11"", ""pur_pric"": ""000000000079000"", ""pred_close_pric"": ""000000081600"", ""rmnd_qty"": ""000000000000008"", ""trde_able_qty"": ""000000000000000"", ""cur_prc"": ""000000078300"", ""pred_buyq"": ""000000000000000"", ""pred_sellq"": ""000000000000000"", ""tdy_buyq"": ""000000000000008"", ""tdy_sellq"": ""000000000000000"", ""pur_amt"": ""000000000632000"", ""pur_cmsn"": ""000000000000090"", ""evlt_amt"": ""000000000626400"", ""sell_cmsn"": ""000000000000090"", ""tax"": ""000000000001252"", ""sum_cmsn"": ""000000000000180"", ""poss_rt"": ""47.31"", ""crd_tp"": ""00"", ""crd_tp_nm"": """", ""crd_loan_dt"": """"}}, {""ticker"": ""298020"", ""quantity"": 2, ""avg_price"": 352000, ""raw"": {""stk_cd"": ""A298020"", ""stk_nm"": ""효성티앤씨"", ""evltv_prft"": ""-00000000001608"", ""prft_rt"": ""-0.23"", ""pur_pric"": ""000000000352000"", ""pred_close_pric"": ""000000354500"", ""rmnd_qty"": ""000000000000002"", ""trde_able_qty"": ""000000000000000"", ""cur_prc"": ""000000352000"", ""pred_buyq"": ""000000000000000"", ""pred_sellq"": ""000000000000000"", ""tdy_buyq"": ""000000000000002"", ""tdy_sellq"": ""000000000000000"", ""pur_amt"": ""000000000704000"", ""pur_cmsn"": ""000000000000100"", ""evlt_amt"": ""000000000704000"", ""sell_cmsn"": ""000000000000100"", ""tax"": ""000000000001408"", ""sum_cmsn"": ""000000000000200"", ""poss_rt"": ""52.69"", ""crd_tp"": ""00"", ""crd_tp_nm"": """", ""crd_loan_dt"": """"}}]","[{""acnt_no"": ""5704609010"", ""ord_no"": ""0145773"", ""mang_empno"": """", ""stk_cd"": ""298020"", ""tsk_tp"": """", ""ord_stt"": ""접수"", ""stk_nm"": ""효성티앤씨"", ""ord_qty"": ""2"", ""ord_pric"": ""355500"", ""oso_qty"": ""2"", ""cntr_tot_amt"": ""0"", ""orig_ord_no"": ""0000000"", ""io_tp_nm"": ""-매도"", ""trde_tp"": ""보통"", ""tm"": ""091505"", ""cntr_no"": """", ""cntr_pric"": ""0"", ""cntr_qty"": ""0"", ""cur_prc"": ""-352000"", ""sel_bid"": ""-352500"", ""buy_bid"": ""-350500"", ""unit_cntr_pric"": """", ""unit_cntr_qty"": """", ""tdy_trde_cmsn"": ""0"", ""tdy_trde_tax"": ""0"", ""ind_invsr"": """", ""stex_tp"": ""1"", ""stex_tp_txt"": ""KRX"", ""sor_yn"": ""N"", ""stop_pric"": ""0""}, {""acnt_no"": ""5704609010"", ""ord_no"": ""0144462"", ""mang_empno"": """", ""stk_cd"": ""012750"", ""tsk_tp"": """", ""ord_stt"": ""접수"", ""stk_nm"": ""에스원"", ""ord_qty"": ""8"", ""ord_pric"": ""79900"", ""oso_qty"": ""8"", ""cntr_tot_amt"": ""0"", ""orig_ord_no"": ""0000000"", ""io_tp_nm"": ""-매도"", ""trde_tp"": ""보통"", ""tm"": ""091440"", ""cntr_no"": """", ""cntr_pric"": ""0"", ""cntr_qty"": ""0"", ""cur_prc"": ""-78300"", ""sel_bid"": ""-78300"", ""buy_bid"": ""-78200"", ""unit_cntr_pric"": """", ""unit_cntr_qty"": """", ""tdy_trde_cmsn"": ""0"", ""tdy_trde_tax"": ""0"", ""ind_invsr"": """", ""stex_tp"": ""1"", ""stex_tp_txt"": ""KRX"", ""sor_yn"": ""N"", ""stop_pric"": ""0""}]"
2026-06-17,daily_loss_check,1408025,2112025,0,2112025,-11665,0.5492797913066407,2.113508339593596,"[{""ticker"": ""298020"", ""quantity"": 2, ""avg_price"": 352000, ""raw"": {""stk_cd"": ""A298020"", ""stk_nm"": ""효성티앤씨"", ""evltv_prft"": ""-00000000002605"", ""prft_rt"": ""-0.37"", ""pur_pric"": ""000000000352000"", ""pred_close_pric"": ""000000354500"", ""rmnd_qty"": ""000000000000002"", ""trde_able_qty"": ""000000000000000"", ""cur_prc"": ""000000351500"", ""pred_buyq"": ""000000000000000"", ""pred_sellq"": ""000000000000000"", ""tdy_buyq"": ""000000000000002"", ""tdy_sellq"": ""000000000000000"", ""pur_amt"": ""000000000704000"", ""pur_cmsn"": ""000000000000100"", ""evlt_amt"": ""000000000703000"", ""sell_cmsn"": ""000000000000100"", ""tax"": ""000000000001405"", ""sum_cmsn"": ""000000000000200"", ""poss_rt"": ""100.00"", ""crd_tp"": ""00"", ""crd_tp_nm"": """", ""crd_loan_dt"": """"}}]","[{""acnt_no"": ""5704609010"", ""ord_no"": ""0145773"", ""mang_empno"": """", ""stk_cd"": ""298020"", ""tsk_tp"": """", ""ord_stt"": ""접수"", ""stk_nm"": ""효성티앤씨"", ""ord_qty"": ""2"", ""ord_pric"": ""355500"", ""oso_qty"": ""2"", ""cntr_tot_amt"": ""0"", ""orig_ord_no"": ""0000000"", ""io_tp_nm"": ""-매도"", ""trde_tp"": ""보통"", ""tm"": ""091505"", ""cntr_no"": """", ""cntr_pric"": ""0"", ""cntr_qty"": ""0"", ""cur_prc"": ""-351500"", ""sel_bid"": ""-352000"", ""buy_bid"": ""-351500"", ""unit_cntr_pric"": """", ""unit_cntr_qty"": """", ""tdy_trde_cmsn"": ""0"", ""tdy_trde_tax"": ""0"", ""ind_invsr"": """", ""stex_tp"": ""1"", ""stex_tp_txt"": ""KRX"", ""sor_yn"": ""N"", ""stop_pric"": ""0""}]"
2026-06-17,daily_loss_check,1408025,2110025,0,2110025,-13665,0.6434554949168664,-0.654321270597946,"[{""ticker"": ""298020"", ""quantity"": 2, ""avg_price"": 352000, ""raw"": {""stk_cd"": ""A298020"", ""stk_nm"": ""효성티앤씨"", ""evltv_prft"": ""-00000000004601"", ""prft_rt"": ""-0.65"", ""pur_pric"": ""000000000352000"", ""pred_close_pric"": ""000000354500"", ""rmnd_qty"": ""000000000000002"", ""trde_able_qty"": ""000000000000000"", ""cur_prc"": ""000000350500"", ""pred_buyq"": ""000000000000000"", ""pred_sellq"": ""000000000000000"", ""tdy_buyq"": ""000000000000002"", ""tdy_sellq"": ""000000000000000"", ""pur_amt"": ""000000000704000"", ""pur_cmsn"": ""000000000000100"", ""evlt_amt"": ""000000000701000"", ""sell_cmsn"": ""000000000000100"", ""tax"": ""000000000001401"", ""sum_cmsn"": ""000000000000200"", ""poss_rt"": ""100.00"", ""crd_tp"": ""00"", ""crd_tp_nm"": """", ""crd_loan_dt"": """"}}]","[{""acnt_no"": ""5704609010"", ""ord_no"": ""0145773"", ""mang_empno"": """", ""stk_cd"": ""298020"", ""tsk_tp"": """", ""ord_stt"": ""접수"", ""stk_nm"": ""효성티앤씨"", ""ord_qty"": ""2"", ""ord_pric"": ""355500"", ""oso_qty"": ""2"", ""cntr_tot_amt"": ""0"", ""orig_ord_no"": ""0000000"", ""io_tp_nm"": ""-매도"", ""trde_tp"": ""보통"", ""tm"": ""091505"", ""cntr_no"": """", ""cntr_pric"": ""0"", ""cntr_qty"": ""0"", ""cur_prc"": ""-350500"", ""sel_bid"": ""-350500"", ""buy_bid"": ""-350000"", ""unit_cntr_pric"": """", ""unit_cntr_qty"": """", ""tdy_trde_cmsn"": ""0"", ""tdy_trde_tax"": ""0"", ""ind_invsr"": """", ""stex_tp"": ""1"", ""stex_tp_txt"": ""KRX"", ""sor_yn"": ""N"", ""stop_pric"": ""0""}]"
2026-06-17,daily_loss_check,1408025,2110025,0,2110025,-13665,0.6434554949168664,-0.654321270597946,"[{""ticker"": ""298020"", ""quantity"": 2, ""avg_price"": 352000, ""raw"": {""stk_cd"": ""A298020"", ""stk_nm"": ""효성티앤씨"", ""evltv_prft"": ""-00000000005600"", ""prft_rt"": ""-0.80"", ""pur_pric"": ""000000000352000"", ""pred_close_pric"": ""000000354500"", ""rmnd_qty"": ""000000000000002"", ""trde_able_qty"": ""000000000000000"", ""cur_prc"": ""000000350000"", ""pred_buyq"": ""000000000000000"", ""pred_sellq"": ""000000000000000"", ""tdy_buyq"": ""000000000000002"", ""tdy_sellq"": ""000000000000000"", ""pur_amt"": ""000000000704000"", ""pur_cmsn"": ""000000000000100"", ""evlt_amt"": ""000000000700000"", ""sell_cmsn"": ""000000000000100"", ""tax"": ""000000000001400"", ""sum_cmsn"": ""000000000000200"", ""poss_rt"": ""100.00"", ""crd_tp"": ""00"", ""crd_tp_nm"": """", ""crd_loan_dt"": """"}}]","[{""acnt_no"": ""5704609010"", ""ord_no"": ""0145773"", ""mang_empno"": """", ""stk_cd"": ""298020"", ""tsk_tp"": """", ""ord_stt"": ""접수"", ""stk_nm"": ""효성티앤씨"", ""ord_qty"": ""2"", ""ord_pric"": ""355500"", ""oso_qty"": ""2"", ""cntr_tot_amt"": ""0"", ""orig_ord_no"": ""0000000"", ""io_tp_nm"": ""-매도"", ""trde_tp"": ""보통"", ""tm"": ""091505"", ""cntr_no"": """", ""cntr_pric"": ""0"", ""cntr_qty"": ""0"", ""cur_prc"": ""-350000"", ""sel_bid"": ""-350500"", ""buy_bid"": ""-349500"", ""unit_cntr_pric"": """", ""unit_cntr_qty"": """", ""tdy_trde_cmsn"": ""0"", ""tdy_trde_tax"": ""0"", ""ind_invsr"": """", ""stex_tp"": ""1"", ""stex_tp_txt"": ""KRX"", ""sor_yn"": ""N"", ""stop_pric"": ""0""}]"
2026-06-17,daily_loss_check,1408025,2109025,0,2109025,-14665,0.6905433467219793,-0.654321270597946,"[{""ticker"": ""298020"", ""quantity"": 2, ""avg_price"": 352000, ""raw"": {""stk_cd"": ""A298020"", ""stk_nm"": ""효성티앤씨"", ""evltv_prft"": ""-00000000004601"", ""prft_rt"": ""-0.65"", ""pur_pric"": ""000000000352000"", ""pred_close_pric"": ""000000354500"", ""rmnd_qty"": ""000000000000002"", ""trde_able_qty"": ""000000000000000"", ""cur_prc"": ""000000350500"", ""pred_buyq"": ""000000000000000"", ""pred_sellq"": ""000000000000000"", ""tdy_buyq"": ""000000000000002"", ""tdy_sellq"": ""000000000000000"", ""pur_amt"": ""000000000704000"", ""pur_cmsn"": ""000000000000100"", ""evlt_amt"": ""000000000701000"", ""sell_cmsn"": ""000000000000100"", ""tax"": ""000000000001401"", ""sum_cmsn"": ""000000000000200"", ""poss_rt"": ""100.00"", ""crd_tp"": ""00"", ""crd_tp_nm"": """", ""crd_loan_dt"": """"}}]","[{""acnt_no"": ""5704609010"", ""ord_no"": ""0145773"", ""mang_empno"": """", ""stk_cd"": ""298020"", ""tsk_tp"": """", ""ord_stt"": ""접수"", ""stk_nm"": ""효성티앤씨"", ""ord_qty"": ""2"", ""ord_pric"": ""355500"", ""oso_qty"": ""2"", ""cntr_tot_amt"": ""0"", ""orig_ord_no"": ""0000000"", ""io_tp_nm"": ""-매도"", ""trde_tp"": ""보통"", ""tm"": ""091505"", ""cntr_no"": """", ""cntr_pric"": ""0"", ""cntr_qty"": ""0"", ""cur_prc"": ""-350500"", ""sel_bid"": ""-351000"", ""buy_bid"": ""-350500"", ""unit_cntr_pric"": """", ""unit_cntr_qty"": """", ""tdy_trde_cmsn"": ""0"", ""tdy_trde_tax"": ""0"", ""ind_invsr"": """", ""stex_tp"": ""1"", ""stex_tp_txt"": ""KRX"", ""sor_yn"": ""N"", ""stop_pric"": ""0""}]"
2026-06-17,daily_loss_check,1408025,2111025,0,2111025,-12665,0.5963676431117536,-0.654321270597946,"[{""ticker"": ""298020"", ""quantity"": 2, ""avg_price"": 352000, ""raw"": {""stk_cd"": ""A298020"", ""stk_nm"": ""효성티앤씨"", ""evltv_prft"": ""-00000000004601"", ""prft_rt"": ""-0.65"", ""pur_pric"": ""000000000352000"", ""pred_close_pric"": ""000000354500"", ""rmnd_qty"": ""000000000000002"", ""trde_able_qty"": ""000000000000000"", ""cur_prc"": ""000000350500"", ""pred_buyq"": ""000000000000000"", ""pred_sellq"": ""000000000000000"", ""tdy_buyq"": ""000000000000002"", ""tdy_sellq"": ""000000000000000"", ""pur_amt"": ""000000000704000"", ""pur_cmsn"": ""000000000000100"", ""evlt_amt"": ""000000000701000"", ""sell_cmsn"": ""000000000000100"", ""tax"": ""000000000001401"", ""sum_cmsn"": ""000000000000200"", ""poss_rt"": ""100.00"", ""crd_tp"": ""00"", ""crd_tp_nm"": """", ""crd_loan_dt"": """"}}]","[{""acnt_no"": ""5704609010"", ""ord_no"": ""0145773"", ""mang_empno"": """", ""stk_cd"": ""298020"", ""tsk_tp"": """", ""ord_stt"": ""접수"", ""stk_nm"": ""효성티앤씨"", ""ord_qty"": ""2"", ""ord_pric"": ""355500"", ""oso_qty"": ""2"", ""cntr_tot_amt"": ""0"", ""orig_ord_no"": ""0000000"", ""io_tp_nm"": ""-매도"", ""trde_tp"": ""보통"", ""tm"": ""091505"", ""cntr_no"": """", ""cntr_pric"": ""0"", ""cntr_qty"": ""0"", ""cur_prc"": ""-350500"", ""sel_bid"": ""-351500"", ""buy_bid"": ""-350500"", ""unit_cntr_pric"": """", ""unit_cntr_qty"": """", ""tdy_trde_cmsn"": ""0"", ""tdy_trde_tax"": ""0"", ""ind_invsr"": """", ""stex_tp"": ""1"", ""stex_tp_txt"": ""KRX"", ""sor_yn"": ""N"", ""stop_pric"": ""0""}]"
2026-06-17,daily_loss_check,1408025,2112025,0,2112025,-11665,0.5492797913066407,-0.654321270597946,"[{""ticker"": ""298020"", ""quantity"": 2, ""avg_price"": 352000, ""raw"": {""stk_cd"": ""A298020"", ""stk_nm"": ""효성티앤씨"", ""evltv_prft"": ""-00000000002605"", ""prft_rt"": ""-0.37"", ""pur_pric"": ""000000000352000"", ""pred_close_pric"": ""000000354500"", ""rmnd_qty"": ""000000000000002"", ""trde_able_qty"": ""000000000000000"", ""cur_prc"": ""000000351500"", ""pred_buyq"": ""000000000000000"", ""pred_sellq"": ""000000000000000"", ""tdy_buyq"": ""000000000000002"", ""tdy_sellq"": ""000000000000000"", ""pur_amt"": ""000000000704000"", ""pur_cmsn"": ""000000000000100"", ""evlt_amt"": ""000000000703000"", ""sell_cmsn"": ""000000000000100"", ""tax"": ""000000000001405"", ""sum_cmsn"": ""000000000000200"", ""poss_rt"": ""100.00"", ""crd_tp"": ""00"", ""crd_tp_nm"": """", ""crd_loan_dt"": """"}}]","[{""acnt_no"": ""5704609010"", ""ord_no"": ""0145773"", ""mang_empno"": """", ""stk_cd"": ""298020"", ""tsk_tp"": """", ""ord_stt"": ""접수"", ""stk_nm"": ""효성티앤씨"", ""ord_qty"": ""2"", ""ord_pric"": ""355500"", ""oso_qty"": ""2"", ""cntr_tot_amt"": ""0"", ""orig_ord_no"": ""0000000"", ""io_tp_nm"": ""-매도"", ""trde_tp"": ""보통"", ""tm"": ""091505"", ""cntr_no"": """", ""cntr_pric"": ""0"", ""cntr_qty"": ""0"", ""cur_prc"": ""-351500"", ""sel_bid"": ""-352000"", ""buy_bid"": ""-351000"", ""unit_cntr_pric"": """", ""unit_cntr_qty"": """", ""tdy_trde_cmsn"": ""0"", ""tdy_trde_tax"": ""0"", ""ind_invsr"": """", ""stex_tp"": ""1"", ""stex_tp_txt"": ""KRX"", ""sor_yn"": ""N"", ""stop_pric"": ""0""}]"
2026-06-17,daily_loss_check,1408025,2115025,0,2115025,-8665,0.4080162358913024,-0.654321270597946,"[{""ticker"": ""298020"", ""quantity"": 2, ""avg_price"": 352000, ""raw"": {""stk_cd"": ""A298020"", ""stk_nm"": ""효성티앤씨"", ""evltv_prft"": ""000000000000388"", ""prft_rt"": ""0.06"", ""pur_pric"": ""000000000352000"", ""pred_close_pric"": ""000000354500"", ""rmnd_qty"": ""000000000000002"", ""trde_able_qty"": ""000000000000000"", ""cur_prc"": ""000000353000"", ""pred_buyq"": ""000000000000000"", ""pred_sellq"": ""000000000000000"", ""tdy_buyq"": ""000000000000002"", ""tdy_sellq"": ""000000000000000"", ""pur_amt"": ""000000000704000"", ""pur_cmsn"": ""000000000000100"", ""evlt_amt"": ""000000000706000"", ""sell_cmsn"": ""000000000000100"", ""tax"": ""000000000001412"", ""sum_cmsn"": ""000000000000200"", ""poss_rt"": ""100.00"", ""crd_tp"": ""00"", ""crd_tp_nm"": """", ""crd_loan_dt"": """"}}]","[{""acnt_no"": ""5704609010"", ""ord_no"": ""0145773"", ""mang_empno"": """", ""stk_cd"": ""298020"", ""tsk_tp"": """", ""ord_stt"": ""접수"", ""stk_nm"": ""효성티앤씨"", ""ord_qty"": ""2"", ""ord_pric"": ""355500"", ""oso_qty"": ""2"", ""cntr_tot_amt"": ""0"", ""orig_ord_no"": ""0000000"", ""io_tp_nm"": ""-매도"", ""trde_tp"": ""보통"", ""tm"": ""091505"", ""cntr_no"": """", ""cntr_pric"": ""0"", ""cntr_qty"": ""0"", ""cur_prc"": ""-353000"", ""sel_bid"": ""-353000"", ""buy_bid"": ""-352500"", ""unit_cntr_pric"": """", ""unit_cntr_qty"": """", ""tdy_trde_cmsn"": ""0"", ""tdy_trde_tax"": ""0"", ""ind_invsr"": """", ""stex_tp"": ""1"", ""stex_tp_txt"": ""KRX"", ""sor_yn"": ""N"", ""stop_pric"": ""0""}]"
2026-06-17,daily_loss_check,1408025,2116025,0,2116025,-7665,0.3609283840861896,-0.654321270597946,"[{""ticker"": ""298020"", ""quantity"": 2, ""avg_price"": 352000, ""raw"": {""stk_cd"": ""A298020"", ""stk_nm"": ""효성티앤씨"", ""evltv_prft"": ""-00000000000609"", ""prft_rt"": ""-0.09"", ""pur_pric"": ""000000000352000"", ""pred_close_pric"": ""000000354500"", ""rmnd_qty"": ""000000000000002"", ""trde_able_qty"": ""000000000000000"", ""cur_prc"": ""000000352500"", ""pred_buyq"": ""000000000000000"", ""pred_sellq"": ""000000000000000"", ""tdy_buyq"": ""000000000000002"", ""tdy_sellq"": ""000000000000000"", ""pur_amt"": ""000000000704000"", ""pur_cmsn"": ""000000000000100"", ""evlt_amt"": ""000000000705000"", ""sell_cmsn"": ""000000000000100"", ""tax"": ""000000000001409"", ""sum_cmsn"": ""000000000000200"", ""poss_rt"": ""100.00"", ""crd_tp"": ""00"", ""crd_tp_nm"": """", ""crd_loan_dt"": """"}}]","[{""acnt_no"": ""5704609010"", ""ord_no"": ""0145773"", ""mang_empno"": """", ""stk_cd"": ""298020"", ""tsk_tp"": """", ""ord_stt"": ""접수"", ""stk_nm"": ""효성티앤씨"", ""ord_qty"": ""2"", ""ord_pric"": ""355500"", ""oso_qty"": ""2"", ""cntr_tot_amt"": ""0"", ""orig_ord_no"": ""0000000"", ""io_tp_nm"": ""-매도"", ""trde_tp"": ""보통"", ""tm"": ""091505"", ""cntr_no"": """", ""cntr_pric"": ""0"", ""cntr_qty"": ""0"", ""cur_prc"": ""-352500"", ""sel_bid"": ""-354000"", ""buy_bid"": ""-352000"", ""unit_cntr_pric"": """", ""unit_cntr_qty"": """", ""tdy_trde_cmsn"": ""0"", ""tdy_trde_tax"": ""0"", ""ind_invsr"": """", ""stex_tp"": ""1"", ""stex_tp_txt"": ""KRX"", ""sor_yn"": ""N"", ""stop_pric"": ""0""}]"
2026-06-17,daily_loss_check,1408025,2112025,0,2112025,-11665,0.5492797913066407,-0.654321270597946,"[{""ticker"": ""298020"", ""quantity"": 2, ""avg_price"": 352000, ""raw"": {""stk_cd"": ""A298020"", ""stk_nm"": ""효성티앤씨"", ""evltv_prft"": ""000000000000388"", ""prft_rt"": ""0.06"", ""pur_pric"": ""000000000352000"", ""pred_close_pric"": ""000000354500"", ""rmnd_qty"": ""000000000000002"", ""trde_able_qty"": ""000000000000000"", ""cur_prc"": ""000000353000"", ""pred_buyq"": ""000000000000000"", ""pred_sellq"": ""000000000000000"", ""tdy_buyq"": ""000000000000002"", ""tdy_sellq"": ""000000000000000"", ""pur_amt"": ""000000000704000"", ""pur_cmsn"": ""000000000000100"", ""evlt_amt"": ""000000000706000"", ""sell_cmsn"": ""000000000000100"", ""tax"": ""000000000001412"", ""sum_cmsn"": ""000000000000200"", ""poss_rt"": ""100.00"", ""crd_tp"": ""00"", ""crd_tp_nm"": """", ""crd_loan_dt"": """"}}]","[{""acnt_no"": ""5704609010"", ""ord_no"": ""0145773"", ""mang_empno"": """", ""stk_cd"": ""298020"", ""tsk_tp"": """", ""ord_stt"": ""접수"", ""stk_nm"": ""효성티앤씨"", ""ord_qty"": ""2"", ""ord_pric"": ""355500"", ""oso_qty"": ""2"", ""cntr_tot_amt"": ""0"", ""orig_ord_no"": ""0000000"", ""io_tp_nm"": ""-매도"", ""trde_tp"": ""보통"", ""tm"": ""091505"", ""cntr_no"": """", ""cntr_pric"": ""0"", ""cntr_qty"": ""0"", ""cur_prc"": ""-353000"", ""sel_bid"": ""-354000"", ""buy_bid"": ""-353000"", ""unit_cntr_pric"": """", ""unit_cntr_qty"": """", ""tdy_trde_cmsn"": ""0"", ""tdy_trde_tax"": ""0"", ""ind_invsr"": """", ""stex_tp"": ""1"", ""stex_tp_txt"": ""KRX"", ""sor_yn"": ""N"", ""stop_pric"": ""0""}]"
2026-06-17,daily_loss_check,1408025,2112025,0,2112025,-11665,0.5492797913066407,-0.654321270597946,"[{""ticker"": ""298020"", ""quantity"": 2, ""avg_price"": 352000, ""raw"": {""stk_cd"": ""A298020"", ""stk_nm"": ""효성티앤씨"", ""evltv_prft"": ""-00000000001608"", ""prft_rt"": ""-0.23"", ""pur_pric"": ""000000000352000"", ""pred_close_pric"": ""000000354500"", ""rmnd_qty"": ""000000000000002"", ""trde_able_qty"": ""000000000000000"", ""cur_prc"": ""000000352000"", ""pred_buyq"": ""000000000000000"", ""pred_sellq"": ""000000000000000"", ""tdy_buyq"": ""000000000000002"", ""tdy_sellq"": ""000000000000000"", ""pur_amt"": ""000000000704000"", ""pur_cmsn"": ""000000000000100"", ""evlt_amt"": ""000000000704000"", ""sell_cmsn"": ""000000000000100"", ""tax"": ""000000000001408"", ""sum_cmsn"": ""000000000000200"", ""poss_rt"": ""100.00"", ""crd_tp"": ""00"", ""crd_tp_nm"": """", ""crd_loan_dt"": """"}}]","[{""acnt_no"": ""5704609010"", ""ord_no"": ""0145773"", ""mang_empno"": """", ""stk_cd"": ""298020"", ""tsk_tp"": """", ""ord_stt"": ""접수"", ""stk_nm"": ""효성티앤씨"", ""ord_qty"": ""2"", ""ord_pric"": ""355500"", ""oso_qty"": ""2"", ""cntr_tot_amt"": ""0"", ""orig_ord_no"": ""0000000"", ""io_tp_nm"": ""-매도"", ""trde_tp"": ""보통"", ""tm"": ""091505"", ""cntr_no"": """", ""cntr_pric"": ""0"", ""cntr_qty"": ""0"", ""cur_prc"": ""-352000"", ""sel_bid"": ""-352500"", ""buy_bid"": ""-351500"", ""unit_cntr_pric"": """", ""unit_cntr_qty"": """", ""tdy_trde_cmsn"": ""0"", ""tdy_trde_tax"": ""0"", ""ind_invsr"": """", ""stex_tp"": ""1"", ""stex_tp_txt"": ""KRX"", ""sor_yn"": ""N"", ""stop_pric"": ""0""}]"
2026-06-17,daily_loss_check,1408025,2114025,0,2114025,-9665,0.45510408769641514,-0.654321270597946,"[{""ticker"": ""298020"", ""quantity"": 2, ""avg_price"": 352000, ""raw"": {""stk_cd"": ""A298020"", ""stk_nm"": ""효성티앤씨"", ""evltv_prft"": ""-00000000001608"", ""prft_rt"": ""-0.23"", ""pur_pric"": ""000000000352000"", ""pred_close_pric"": ""000000354500"", ""rmnd_qty"": ""000000000000002"", ""trde_able_qty"": ""000000000000000"", ""cur_prc"": ""000000352000"", ""pred_buyq"": ""000000000000000"", ""pred_sellq"": ""000000000000000"", ""tdy_buyq"": ""000000000000002"", ""tdy_sellq"": ""000000000000000"", ""pur_amt"": ""000000000704000"", ""pur_cmsn"": ""000000000000100"", ""evlt_amt"": ""000000000704000"", ""sell_cmsn"": ""000000000000100"", ""tax"": ""000000000001408"", ""sum_cmsn"": ""000000000000200"", ""poss_rt"": ""100.00"", ""crd_tp"": ""00"", ""crd_tp_nm"": """", ""crd_loan_dt"": """"}}]","[{""acnt_no"": ""5704609010"", ""ord_no"": ""0145773"", ""mang_empno"": """", ""stk_cd"": ""298020"", ""tsk_tp"": """", ""ord_stt"": ""접수"", ""stk_nm"": ""효성티앤씨"", ""ord_qty"": ""2"", ""ord_pric"": ""355500"", ""oso_qty"": ""2"", ""cntr_tot_amt"": ""0"", ""orig_ord_no"": ""0000000"", ""io_tp_nm"": ""-매도"", ""trde_tp"": ""보통"", ""tm"": ""091505"", ""cntr_no"": """", ""cntr_pric"": ""0"", ""cntr_qty"": ""0"", ""cur_prc"": ""-352000"", ""sel_bid"": ""-352000"", ""buy_bid"": ""-351500"", ""unit_cntr_pric"": """", ""unit_cntr_qty"": """", ""tdy_trde_cmsn"": ""0"", ""tdy_trde_tax"": ""0"", ""ind_invsr"": """", ""stex_tp"": ""1"", ""stex_tp_txt"": ""KRX"", ""sor_yn"": ""N"", ""stop_pric"": ""0""}]"
2026-06-17,daily_loss_check,1408025,2115025,0,2115025,-8665,0.4080162358913024,-0.43969014278184854,"[{""ticker"": ""298020"", ""quantity"": 2, ""avg_price"": 352000, ""raw"": {""stk_cd"": ""A298020"", ""stk_nm"": ""효성티앤씨"", ""evltv_prft"": ""-00000000001608"", ""prft_rt"": ""-0.23"", ""pur_pric"": ""000000000352000"", ""pred_close_pric"": ""000000354500"", ""rmnd_qty"": ""000000000000002"", ""trde_able_qty"": ""000000000000000"", ""cur_prc"": ""000000352000"", ""pred_buyq"": ""000000000000000"", ""pred_sellq"": ""000000000000000"", ""tdy_buyq"": ""000000000000002"", ""tdy_sellq"": ""000000000000000"", ""pur_amt"": ""000000000704000"", ""pur_cmsn"": ""000000000000100"", ""evlt_amt"": ""000000000704000"", ""sell_cmsn"": ""000000000000100"", ""tax"": ""000000000001408"", ""sum_cmsn"": ""000000000000200"", ""poss_rt"": ""100.00"", ""crd_tp"": ""00"", ""crd_tp_nm"": """", ""crd_loan_dt"": """"}}]","[{""acnt_no"": ""5704609010"", ""ord_no"": ""0145773"", ""mang_empno"": """", ""stk_cd"": ""298020"", ""tsk_tp"": """", ""ord_stt"": ""접수"", ""stk_nm"": ""효성티앤씨"", ""ord_qty"": ""2"", ""ord_pric"": ""355500"", ""oso_qty"": ""2"", ""cntr_tot_amt"": ""0"", ""orig_ord_no"": ""0000000"", ""io_tp_nm"": ""-매도"", ""trde_tp"": ""보통"", ""tm"": ""091505"", ""cntr_no"": """", ""cntr_pric"": ""0"", ""cntr_qty"": ""0"", ""cur_prc"": ""-352000"", ""sel_bid"": ""-352500"", ""buy_bid"": ""-351500"", ""unit_cntr_pric"": """", ""unit_cntr_qty"": """", ""tdy_trde_cmsn"": ""0"", ""tdy_trde_tax"": ""0"", ""ind_invsr"": """", ""stex_tp"": ""1"", ""stex_tp_txt"": ""KRX"", ""sor_yn"": ""N"", ""stop_pric"": ""0""}]"
2026-06-17,daily_loss_check,1408025,2118025,0,2118025,-5665,0.266752680475964,-0.43969014278184854,"[{""ticker"": ""298020"", ""quantity"": 2, ""avg_price"": 352000, ""raw"": {""stk_cd"": ""A298020"", ""stk_nm"": ""효성티앤씨"", ""evltv_prft"": ""-00000000000609"", ""prft_rt"": ""-0.09"", ""pur_pric"": ""000000000352000"", ""pred_close_pric"": ""000000354500"", ""rmnd_qty"": ""000000000000002"", ""trde_able_qty"": ""000000000000000"", ""cur_prc"": ""000000352500"", ""pred_buyq"": ""000000000000000"", ""pred_sellq"": ""000000000000000"", ""tdy_buyq"": ""000000000000002"", ""tdy_sellq"": ""000000000000000"", ""pur_amt"": ""000000000704000"", ""pur_cmsn"": ""000000000000100"", ""evlt_amt"": ""000000000705000"", ""sell_cmsn"": ""000000000000100"", ""tax"": ""000000000001409"", ""sum_cmsn"": ""000000000000200"", ""poss_rt"": ""100.00"", ""crd_tp"": ""00"", ""crd_tp_nm"": """", ""crd_loan_dt"": """"}}]","[{""acnt_no"": ""5704609010"", ""ord_no"": ""0145773"", ""mang_empno"": """", ""stk_cd"": ""298020"", ""tsk_tp"": """", ""ord_stt"": ""접수"", ""stk_nm"": ""효성티앤씨"", ""ord_qty"": ""2"", ""ord_pric"": ""355500"", ""oso_qty"": ""2"", ""cntr_tot_amt"": ""0"", ""orig_ord_no"": ""0000000"", ""io_tp_nm"": ""-매도"", ""trde_tp"": ""보통"", ""tm"": ""091505"", ""cntr_no"": """", ""cntr_pric"": ""0"", ""cntr_qty"": ""0"", ""cur_prc"": ""-352500"", ""sel_bid"": ""-353500"", ""buy_bid"": ""-352500"", ""unit_cntr_pric"": """", ""unit_cntr_qty"": """", ""tdy_trde_cmsn"": ""0"", ""tdy_trde_tax"": ""0"", ""ind_invsr"": """", ""stex_tp"": ""1"", ""stex_tp_txt"": ""KRX"", ""sor_yn"": ""N"", ""stop_pric"": ""0""}]"
2026-06-17,daily_loss_check,1408025,2116025,0,2116025,-7665,0.3609283840861896,-0.43969014278184854,"[{""ticker"": ""298020"", ""quantity"": 2, ""avg_price"": 352000, ""raw"": {""stk_cd"": ""A298020"", ""stk_nm"": ""효성티앤씨"", ""evltv_prft"": ""000000000003383"", ""prft_rt"": ""0.48"", ""pur_pric"": ""000000000352000"", ""pred_close_pric"": ""000000354500"", ""rmnd_qty"": ""000000000000002"", ""trde_able_qty"": ""000000000000000"", ""cur_prc"": ""000000354500"", ""pred_buyq"": ""000000000000000"", ""pred_sellq"": ""000000000000000"", ""tdy_buyq"": ""000000000000002"", ""tdy_sellq"": ""000000000000000"", ""pur_amt"": ""000000000704000"", ""pur_cmsn"": ""000000000000100"", ""evlt_amt"": ""000000000709000"", ""sell_cmsn"": ""000000000000100"", ""tax"": ""000000000001417"", ""sum_cmsn"": ""000000000000200"", ""poss_rt"": ""100.00"", ""crd_tp"": ""00"", ""crd_tp_nm"": """", ""crd_loan_dt"": """"}}]","[{""acnt_no"": ""5704609010"", ""ord_no"": ""0145773"", ""mang_empno"": """", ""stk_cd"": ""298020"", ""tsk_tp"": """", ""ord_stt"": ""접수"", ""stk_nm"": ""효성티앤씨"", ""ord_qty"": ""2"", ""ord_pric"": ""355500"", ""oso_qty"": ""2"", ""cntr_tot_amt"": ""0"", ""orig_ord_no"": ""0000000"", ""io_tp_nm"": ""-매도"", ""trde_tp"": ""보통"", ""tm"": ""091505"", ""cntr_no"": """", ""cntr_pric"": ""0"", ""cntr_qty"": ""0"", ""cur_prc"": ""354500"", ""sel_bid"": ""354500"", ""buy_bid"": ""-354000"", ""unit_cntr_pric"": """", ""unit_cntr_qty"": """", ""tdy_trde_cmsn"": ""0"", ""tdy_trde_tax"": ""0"", ""ind_invsr"": """", ""stex_tp"": ""1"", ""stex_tp_txt"": ""KRX"", ""sor_yn"": ""N"", ""stop_pric"": ""0""}]"
2026-06-17,daily_loss_check,1408025,2115025,0,2115025,-8665,0.4080162358913024,-0.43969014278184854,"[{""ticker"": ""298020"", ""quantity"": 2, ""avg_price"": 352000, ""raw"": {""stk_cd"": ""A298020"", ""stk_nm"": ""효성티앤씨"", ""evltv_prft"": ""000000000002384"", ""prft_rt"": ""0.34"", ""pur_pric"": ""000000000352000"", ""pred_close_pric"": ""000000354500"", ""rmnd_qty"": ""000000000000002"", ""trde_able_qty"": ""000000000000000"", ""cur_prc"": ""000000354000"", ""pred_buyq"": ""000000000000000"", ""pred_sellq"": ""000000000000000"", ""tdy_buyq"": ""000000000000002"", ""tdy_sellq"": ""000000000000000"", ""pur_amt"": ""000000000704000"", ""pur_cmsn"": ""000000000000100"", ""evlt_amt"": ""000000000708000"", ""sell_cmsn"": ""000000000000100"", ""tax"": ""000000000001416"", ""sum_cmsn"": ""000000000000200"", ""poss_rt"": ""100.00"", ""crd_tp"": ""00"", ""crd_tp_nm"": """", ""crd_loan_dt"": """"}}]","[{""acnt_no"": ""5704609010"", ""ord_no"": ""0145773"", ""mang_empno"": """", ""stk_cd"": ""298020"", ""tsk_tp"": """", ""ord_stt"": ""접수"", ""stk_nm"": ""효성티앤씨"", ""ord_qty"": ""2"", ""ord_pric"": ""355500"", ""oso_qty"": ""2"", ""cntr_tot_amt"": ""0"", ""orig_ord_no"": ""0000000"", ""io_tp_nm"": ""-매도"", ""trde_tp"": ""보통"", ""tm"": ""091505"", ""cntr_no"": """", ""cntr_pric"": ""0"", ""cntr_qty"": ""0"", ""cur_prc"": ""-354000"", ""sel_bid"": ""354500"", ""buy_bid"": ""-353500"", ""unit_cntr_pric"": """", ""unit_cntr_qty"": """", ""tdy_trde_cmsn"": ""0"", ""tdy_trde_tax"": ""0"", ""ind_invsr"": """", ""stex_tp"": ""1"", ""stex_tp_txt"": ""KRX"", ""sor_yn"": ""N"", ""stop_pric"": ""0""}]"
2026-06-17,daily_loss_check,2125435,2125435,0,2125435,1745,-0.08216830139992183,-0.43969014278184854,[],[]
2026-06-17,daily_loss_check,34835,2126635,0,2126635,2945,-0.1386737235660572,-0.43969014278184854,"[{""ticker"": ""000240"", ""quantity"": 26, ""avg_price"": 26700, ""raw"": {""stk_cd"": ""A000240"", ""stk_nm"": ""한국앤컴퍼니"", ""evltv_prft"": ""-00000000004182"", ""prft_rt"": ""-0.60"", ""pur_pric"": ""000000000026700"", ""pred_close_pric"": ""000000028000"", ""rmnd_qty"": ""000000000000026"", ""trde_able_qty"": ""000000000000000"", ""cur_prc"": ""000000026600"", ""pred_buyq"": ""000000000000000"", ""pred_sellq"": ""000000000000000"", ""tdy_buyq"": ""000000000000051"", ""tdy_sellq"": ""000000000000025"", ""pur_amt"": ""000000000694200"", ""pur_cmsn"": ""000000000000100"", ""evlt_amt"": ""000000000691600"", ""sell_cmsn"": ""000000000000100"", ""tax"": ""000000000001382"", ""sum_cmsn"": ""000000000000200"", ""poss_rt"": ""33.21"", ""crd_tp"": ""00"", ""crd_tp_nm"": """", ""crd_loan_dt"": """"}}, {""ticker"": ""001800"", ""quantity"": 26, ""avg_price"": 26800, ""raw"": {""stk_cd"": ""A001800"", ""stk_nm"": ""오리온홀딩스"", ""evltv_prft"": ""-00000000001593"", ""prft_rt"": ""-0.23"", ""pur_pric"": ""000000000026800"", ""pred_close_pric"": ""000000027300"", ""rmnd_qty"": ""000000000000026"", ""trde_able_qty"": ""000000000000000"", ""cur_prc"": ""000000026800"", ""pred_buyq"": ""000000000000013"", ""pred_sellq"": ""000000000000013"", ""tdy_buyq"": ""000000000000026"", ""tdy_sellq"": ""000000000000000"", ""pur_amt"": ""000000000696800"", ""pur_cmsn"": ""000000000000100"", ""evlt_amt"": ""000000000696800"", ""sell_cmsn"": ""000000000000100"", ""tax"": ""000000000001393"", ""sum_cmsn"": ""000000000000200"", ""poss_rt"": ""33.33"", ""crd_tp"": ""00"", ""crd_tp_nm"": """", ""crd_loan_dt"": """"}}, {""ticker"": ""003160"", ""quantity"": 24, ""avg_price"": 29150, ""raw"": {""stk_cd"": ""A003160"", ""stk_nm"": ""디아이"", ""evltv_prft"": ""-00000000002796"", ""prft_rt"": ""-0.40"", ""pur_pric"": ""000000000029150"", ""pred_close_pric"": ""000000028850"", ""rmnd_qty"": ""000000000000024"", ""trde_able_qty"": ""000000000000000"", ""cur_prc"": ""000000029100"", ""pred_buyq"": ""000000000000000"", ""pred_sellq"": ""000000000000000"", ""tdy_buyq"": ""000000000000024"", ""tdy_sellq"": ""000000000000000"", ""pur_amt"": ""000000000699600"", ""pur_cmsn"": ""000000000000100"", ""evlt_amt"": ""000000000698400"", ""sell_cmsn"": ""000000000000100"", ""tax"": ""000000000001396"", ""sum_cmsn"": ""000000000000200"", ""poss_rt"": ""33.46"", ""crd_tp"": ""00"", ""crd_tp_nm"": """", ""crd_loan_dt"": """"}}]","[{""acnt_no"": ""5704609010"", ""ord_no"": ""0339710"", ""mang_empno"": """", ""stk_cd"": ""003160"", ""tsk_tp"": """", ""ord_stt"": ""접수"", ""stk_nm"": ""디아이"", ""ord_qty"": ""24"", ""ord_pric"": ""29350"", ""oso_qty"": ""24"", ""cntr_tot_amt"": ""0"", ""orig_ord_no"": ""0000000"", ""io_tp_nm"": ""-매도"", ""trde_tp"": ""보통"", ""tm"": ""111556"", ""cntr_no"": """", ""cntr_pric"": ""0"", ""cntr_qty"": ""0"", ""cur_prc"": ""+29100"", ""sel_bid"": ""+29150"", ""buy_bid"": ""+29100"", ""unit_cntr_pric"": """", ""unit_cntr_qty"": """", ""tdy_trde_cmsn"": ""0"", ""tdy_trde_tax"": ""0"", ""ind_invsr"": """", ""stex_tp"": ""1"", ""stex_tp_txt"": ""KRX"", ""sor_yn"": ""N"", ""stop_pric"": ""0""}, {""acnt_no"": ""5704609010"", ""ord_no"": ""0339549"", ""mang_empno"": """", ""stk_cd"": ""001800"", ""tsk_tp"": """", ""ord_stt"": ""접수"", ""stk_nm"": ""오리온홀딩스"", ""ord_qty"": ""26"", ""ord_pric"": ""26950"", ""oso_qty"": ""26"", ""cntr_tot_amt"": ""0"", ""orig_ord_no"": ""0000000"", ""io_tp_nm"": ""-매도"", ""trde_tp"": ""보통"", ""tm"": ""111544"", ""cntr_no"": """", ""cntr_pric"": ""0"", ""cntr_qty"": ""0"", ""cur_prc"": ""-26800"", ""sel_bid"": ""-26850"", ""buy_bid"": ""-26800"", ""unit_cntr_pric"": """", ""unit_cntr_qty"": """", ""tdy_trde_cmsn"": ""0"", ""tdy_trde_tax"": ""0"", ""ind_invsr"": """", ""stex_tp"": ""1"", ""stex_tp_txt"": ""KRX"", ""sor_yn"": ""N"", ""stop_pric"": ""0""}, {""acnt_no"": ""5704609010"", ""ord_no"": ""0339363"", ""mang_empno"": """", ""stk_cd"": ""000240"", ""tsk_tp"": """", ""ord_stt"": ""접수"", ""stk_nm"": ""한국앤컴퍼니"", ""ord_qty"": ""26"", ""ord_pric"": ""26850"", ""oso_qty"": ""26"", ""cntr_tot_amt"": ""0"", ""orig_ord_no"": ""0000000"", ""io_tp_nm"": ""-매도"", ""trde_tp"": ""보통"", ""tm"": ""111533"", ""cntr_no"": """", ""cntr_pric"": ""0"", ""cntr_qty"": ""0"", ""cur_prc"": ""-26600"", ""sel_bid"": ""-26650"", ""buy_bid"": ""-26600"", ""unit_cntr_pric"": """", ""unit_cntr_qty"": """", ""tdy_trde_cmsn"": ""0"", ""tdy_trde_tax"": ""0"", ""ind_invsr"": """", ""stex_tp"": ""1"", ""stex_tp_txt"": ""KRX"", ""sor_yn"": ""N"", ""stop_pric"": ""0""}]"
2026-06-17,daily_loss_check,34835,2129135,0,2129135,5445,-0.2563933530788392,-0.43969014278184854,"[{""ticker"": ""000240"", ""quantity"": 26, ""avg_price"": 26700, ""raw"": {""stk_cd"": ""A000240"", ""stk_nm"": ""한국앤컴퍼니"", ""evltv_prft"": ""-00000000002885"", ""prft_rt"": ""-0.42"", ""pur_pric"": ""000000000026700"", ""pred_close_pric"": ""000000028000"", ""rmnd_qty"": ""000000000000026"", ""trde_able_qty"": ""000000000000000"", ""cur_prc"": ""000000026650"", ""pred_buyq"": ""000000000000000"", ""pred_sellq"": ""000000000000000"", ""tdy_buyq"": ""000000000000051"", ""tdy_sellq"": ""000000000000025"", ""pur_amt"": ""000000000694200"", ""pur_cmsn"": ""000000000000100"", ""evlt_amt"": ""000000000692900"", ""sell_cmsn"": ""000000000000100"", ""tax"": ""000000000001385"", ""sum_cmsn"": ""000000000000200"", ""poss_rt"": ""33.21"", ""crd_tp"": ""00"", ""crd_tp_nm"": """", ""crd_loan_dt"": """"}}, {""ticker"": ""001800"", ""quantity"": 26, ""avg_price"": 26800, ""raw"": {""stk_cd"": ""A001800"", ""stk_nm"": ""오리온홀딩스"", ""evltv_prft"": ""-00000000001593"", ""prft_rt"": ""-0.23"", ""pur_pric"": ""000000000026800"", ""pred_close_pric"": ""000000027300"", ""rmnd_qty"": ""000000000000026"", ""trde_able_qty"": ""000000000000000"", ""cur_prc"": ""000000026800"", ""pred_buyq"": ""000000000000013"", ""pred_sellq"": ""000000000000013"", ""tdy_buyq"": ""000000000000026"", ""tdy_sellq"": ""000000000000000"", ""pur_amt"": ""000000000696800"", ""pur_cmsn"": ""000000000000100"", ""evlt_amt"": ""000000000696800"", ""sell_cmsn"": ""000000000000100"", ""tax"": ""000000000001393"", ""sum_cmsn"": ""000000000000200"", ""poss_rt"": ""33.33"", ""crd_tp"": ""00"", ""crd_tp_nm"": """", ""crd_loan_dt"": """"}}, {""ticker"": ""003160"", ""quantity"": 24, ""avg_price"": 29150, ""raw"": {""stk_cd"": ""A003160"", ""stk_nm"": ""디아이"", ""evltv_prft"": ""-00000000001598"", ""prft_rt"": ""-0.23"", ""pur_pric"": ""000000000029150"", ""pred_close_pric"": ""000000028850"", ""rmnd_qty"": ""000000000000024"", ""trde_able_qty"": ""000000000000000"", ""cur_prc"": ""000000029150"", ""pred_buyq"": ""000000000000000"", ""pred_sellq"": ""000000000000000"", ""tdy_buyq"": ""000000000000024"", ""tdy_sellq"": ""000000000000000"", ""pur_amt"": ""000000000699600"", ""pur_cmsn"": ""000000000000100"", ""evlt_amt"": ""000000000699600"", ""sell_cmsn"": ""000000000000100"", ""tax"": ""000000000001398"", ""sum_cmsn"": ""000000000000200"", ""poss_rt"": ""33.46"", ""crd_tp"": ""00"", ""crd_tp_nm"": """", ""crd_loan_dt"": """"}}]","[{""acnt_no"": ""5704609010"", ""ord_no"": ""0339710"", ""mang_empno"": """", ""stk_cd"": ""003160"", ""tsk_tp"": """", ""ord_stt"": ""접수"", ""stk_nm"": ""디아이"", ""ord_qty"": ""24"", ""ord_pric"": ""29350"", ""oso_qty"": ""24"", ""cntr_tot_amt"": ""0"", ""orig_ord_no"": ""0000000"", ""io_tp_nm"": ""-매도"", ""trde_tp"": ""보통"", ""tm"": ""111556"", ""cntr_no"": """", ""cntr_pric"": ""0"", ""cntr_qty"": ""0"", ""cur_prc"": ""+29150"", ""sel_bid"": ""+29200"", ""buy_bid"": ""+29100"", ""unit_cntr_pric"": """", ""unit_cntr_qty"": """", ""tdy_trde_cmsn"": ""0"", ""tdy_trde_tax"": ""0"", ""ind_invsr"": """", ""stex_tp"": ""1"", ""stex_tp_txt"": ""KRX"", ""sor_yn"": ""N"", ""stop_pric"": ""0""}, {""acnt_no"": ""5704609010"", ""ord_no"": ""0339549"", ""mang_empno"": """", ""stk_cd"": ""001800"", ""tsk_tp"": """", ""ord_stt"": ""접수"", ""stk_nm"": ""오리온홀딩스"", ""ord_qty"": ""26"", ""ord_pric"": ""26950"", ""oso_qty"": ""26"", ""cntr_tot_amt"": ""0"", ""orig_ord_no"": ""0000000"", ""io_tp_nm"": ""-매도"", ""trde_tp"": ""보통"", ""tm"": ""111544"", ""cntr_no"": """", ""cntr_pric"": ""0"", ""cntr_qty"": ""0"", ""cur_prc"": ""-26800"", ""sel_bid"": ""-26850"", ""buy_bid"": ""-26800"", ""unit_cntr_pric"": """", ""unit_cntr_qty"": """", ""tdy_trde_cmsn"": ""0"", ""tdy_trde_tax"": ""0"", ""ind_invsr"": """", ""stex_tp"": ""1"", ""stex_tp_txt"": ""KRX"", ""sor_yn"": ""N"", ""stop_pric"": ""0""}, {""acnt_no"": ""5704609010"", ""ord_no"": ""0339363"", ""mang_empno"": """", ""stk_cd"": ""000240"", ""tsk_tp"": """", ""ord_stt"": ""접수"", ""stk_nm"": ""한국앤컴퍼니"", ""ord_qty"": ""26"", ""ord_pric"": ""26850"", ""oso_qty"": ""26"", ""cntr_tot_amt"": ""0"", ""orig_ord_no"": ""0000000"", ""io_tp_nm"": ""-매도"", ""trde_tp"": ""보통"", ""tm"": ""111533"", ""cntr_no"": """", ""cntr_pric"": ""0"", ""cntr_qty"": ""0"", ""cur_prc"": ""-26650"", ""sel_bid"": ""-26650"", ""buy_bid"": ""-26600"", ""unit_cntr_pric"": """", ""unit_cntr_qty"": """", ""tdy_trde_cmsn"": ""0"", ""tdy_trde_tax"": ""0"", ""ind_invsr"": """", ""stex_tp"": ""1"", ""stex_tp_txt"": ""KRX"", ""sor_yn"": ""N"", ""stop_pric"": ""0""}]"
2026-06-17,daily_loss_check,737355,2834155,0,2834155,710465,-33.454270632719464,-0.43969014278184854,"[{""ticker"": ""000240"", ""quantity"": 26, ""avg_price"": 26700, ""raw"": {""stk_cd"": ""A000240"", ""stk_nm"": ""한국앤컴퍼니"", ""evltv_prft"": ""-00000000004182"", ""prft_rt"": ""-0.60"", ""pur_pric"": ""000000000026700"", ""pred_close_pric"": ""000000028000"", ""rmnd_qty"": ""000000000000026"", ""trde_able_qty"": ""000000000000000"", ""cur_prc"": ""000000026600"", ""pred_buyq"": ""000000000000000"", ""pred_sellq"": ""000000000000000"", ""tdy_buyq"": ""000000000000051"", ""tdy_sellq"": ""000000000000025"", ""pur_amt"": ""000000000694200"", ""pur_cmsn"": ""000000000000100"", ""evlt_amt"": ""000000000691600"", ""sell_cmsn"": ""000000000000100"", ""tax"": ""000000000001382"", ""sum_cmsn"": ""000000000000200"", ""poss_rt"": ""33.21"", ""crd_tp"": ""00"", ""crd_tp_nm"": """", ""crd_loan_dt"": """"}}, {""ticker"": ""001800"", ""quantity"": 26, ""avg_price"": 26800, ""raw"": {""stk_cd"": ""A001800"", ""stk_nm"": ""오리온홀딩스"", ""evltv_prft"": ""000000000001002"", ""prft_rt"": ""0.14"", ""pur_pric"": ""000000000026800"", ""pred_close_pric"": ""000000027300"", ""rmnd_qty"": ""000000000000026"", ""trde_able_qty"": ""000000000000000"", ""cur_prc"": ""000000026900"", ""pred_buyq"": ""000000000000013"", ""pred_sellq"": ""000000000000013"", ""tdy_buyq"": ""000000000000026"", ""tdy_sellq"": ""000000000000000"", ""pur_amt"": ""000000000696800"", ""pur_cmsn"": ""000000000000100"", ""evlt_amt"": ""000000000699400"", ""sell_cmsn"": ""000000000000100"", ""tax"": ""000000000001398"", ""sum_cmsn"": ""000000000000200"", ""poss_rt"": ""33.33"", ""crd_tp"": ""00"", ""crd_tp_nm"": """", ""crd_loan_dt"": """"}}, {""ticker"": ""003160"", ""quantity"": 24, ""avg_price"": 29150, ""raw"": {""stk_cd"": ""A003160"", ""stk_nm"": ""디아이"", ""evltv_prft"": ""-00000000000401"", ""prft_rt"": ""-0.06"", ""pur_pric"": ""000000000029150"", ""pred_close_pric"": ""000000028850"", ""rmnd_qty"": ""000000000000024"", ""trde_able_qty"": ""000000000000000"", ""cur_prc"": ""000000029200"", ""pred_buyq"": ""000000000000000"", ""pred_sellq"": ""000000000000000"", ""tdy_buyq"": ""000000000000024"", ""tdy_sellq"": ""000000000000000"", ""pur_amt"": ""000000000699600"", ""pur_cmsn"": ""000000000000100"", ""evlt_amt"": ""000000000700800"", ""sell_cmsn"": ""000000000000100"", ""tax"": ""000000000001401"", ""sum_cmsn"": ""000000000000200"", ""poss_rt"": ""33.46"", ""crd_tp"": ""00"", ""crd_tp_nm"": """", ""crd_loan_dt"": """"}}]","[{""acnt_no"": ""5704609010"", ""ord_no"": ""0339710"", ""mang_empno"": """", ""stk_cd"": ""003160"", ""tsk_tp"": """", ""ord_stt"": ""접수"", ""stk_nm"": ""디아이"", ""ord_qty"": ""24"", ""ord_pric"": ""29350"", ""oso_qty"": ""24"", ""cntr_tot_amt"": ""0"", ""orig_ord_no"": ""0000000"", ""io_tp_nm"": ""-매도"", ""trde_tp"": ""보통"", ""tm"": ""111556"", ""cntr_no"": """", ""cntr_pric"": ""0"", ""cntr_qty"": ""0"", ""cur_prc"": ""+29200"", ""sel_bid"": ""+29250"", ""buy_bid"": ""+29200"", ""unit_cntr_pric"": """", ""unit_cntr_qty"": """", ""tdy_trde_cmsn"": ""0"", ""tdy_trde_tax"": ""0"", ""ind_invsr"": """", ""stex_tp"": ""1"", ""stex_tp_txt"": ""KRX"", ""sor_yn"": ""N"", ""stop_pric"": ""0""}, {""acnt_no"": ""5704609010"", ""ord_no"": ""0339549"", ""mang_empno"": """", ""stk_cd"": ""001800"", ""tsk_tp"": """", ""ord_stt"": ""접수"", ""stk_nm"": ""오리온홀딩스"", ""ord_qty"": ""26"", ""ord_pric"": ""26950"", ""oso_qty"": ""26"", ""cntr_tot_amt"": ""0"", ""orig_ord_no"": ""0000000"", ""io_tp_nm"": ""-매도"", ""trde_tp"": ""보통"", ""tm"": ""111544"", ""cntr_no"": """", ""cntr_pric"": ""0"", ""cntr_qty"": ""0"", ""cur_prc"": ""-26900"", ""sel_bid"": ""-26900"", ""buy_bid"": ""-26850"", ""unit_cntr_pric"": """", ""unit_cntr_qty"": """", ""tdy_trde_cmsn"": ""0"", ""tdy_trde_tax"": ""0"", ""ind_invsr"": """", ""stex_tp"": ""1"", ""stex_tp_txt"": ""KRX"", ""sor_yn"": ""N"", ""stop_pric"": ""0""}, {""acnt_no"": ""5704609010"", ""ord_no"": ""0339363"", ""mang_empno"": """", ""stk_cd"": ""000240"", ""tsk_tp"": """", ""ord_stt"": ""접수"", ""stk_nm"": ""한국앤컴퍼니"", ""ord_qty"": ""26"", ""ord_pric"": ""26850"", ""oso_qty"": ""26"", ""cntr_tot_amt"": ""0"", ""orig_ord_no"": ""0000000"", ""io_tp_nm"": ""-매도"", ""trde_tp"": ""보통"", ""tm"": ""111533"", ""cntr_no"": """", ""cntr_pric"": ""0"", ""cntr_qty"": ""0"", ""cur_prc"": ""-26600"", ""sel_bid"": ""-26650"", ""buy_bid"": ""-26600"", ""unit_cntr_pric"": """", ""unit_cntr_qty"": """", ""tdy_trde_cmsn"": ""0"", ""tdy_trde_tax"": ""0"", ""ind_invsr"": """", ""stex_tp"": ""1"", ""stex_tp_txt"": ""KRX"", ""sor_yn"": ""N"", ""stop_pric"": ""0""}]"
2026-06-17,daily_loss_check,737355,2131055,0,2131055,7365,-0.34680202854465575,-0.43969014278184854,"[{""ticker"": ""000240"", ""quantity"": 26, ""avg_price"": 26700, ""raw"": {""stk_cd"": ""A000240"", ""stk_nm"": ""한국앤컴퍼니"", ""evltv_prft"": ""-00000000004182"", ""prft_rt"": ""-0.60"", ""pur_pric"": ""000000000026700"", ""pred_close_pric"": ""000000028000"", ""rmnd_qty"": ""000000000000026"", ""trde_able_qty"": ""000000000000000"", ""cur_prc"": ""000000026600"", ""pred_buyq"": ""000000000000000"", ""pred_sellq"": ""000000000000000"", ""tdy_buyq"": ""000000000000051"", ""tdy_sellq"": ""000000000000025"", ""pur_amt"": ""000000000694200"", ""pur_cmsn"": ""000000000000100"", ""evlt_amt"": ""000000000691600"", ""sell_cmsn"": ""000000000000100"", ""tax"": ""000000000001382"", ""sum_cmsn"": ""000000000000200"", ""poss_rt"": ""49.81"", ""crd_tp"": ""00"", ""crd_tp_nm"": """", ""crd_loan_dt"": """"}}, {""ticker"": ""003160"", ""quantity"": 24, ""avg_price"": 29150, ""raw"": {""stk_cd"": ""A003160"", ""stk_nm"": ""디아이"", ""evltv_prft"": ""000000000001995"", ""prft_rt"": ""0.29"", ""pur_pric"": ""000000000029150"", ""pred_close_pric"": ""000000028850"", ""rmnd_qty"": ""000000000000024"", ""trde_able_qty"": ""000000000000000"", ""cur_prc"": ""000000029300"", ""pred_buyq"": ""000000000000000"", ""pred_sellq"": ""000000000000000"", ""tdy_buyq"": ""000000000000024"", ""tdy_sellq"": ""000000000000000"", ""pur_amt"": ""000000000699600"", ""pur_cmsn"": ""000000000000100"", ""evlt_amt"": ""000000000703200"", ""sell_cmsn"": ""000000000000100"", ""tax"": ""000000000001405"", ""sum_cmsn"": ""000000000000200"", ""poss_rt"": ""50.19"", ""crd_tp"": ""00"", ""crd_tp_nm"": """", ""crd_loan_dt"": """"}}]","[{""acnt_no"": ""5704609010"", ""ord_no"": ""0339710"", ""mang_empno"": """", ""stk_cd"": ""003160"", ""tsk_tp"": """", ""ord_stt"": ""접수"", ""stk_nm"": ""디아이"", ""ord_qty"": ""24"", ""ord_pric"": ""29350"", ""oso_qty"": ""24"", ""cntr_tot_amt"": ""0"", ""orig_ord_no"": ""0000000"", ""io_tp_nm"": ""-매도"", ""trde_tp"": ""보통"", ""tm"": ""111556"", ""cntr_no"": """", ""cntr_pric"": ""0"", ""cntr_qty"": ""0"", ""cur_prc"": ""+29300"", ""sel_bid"": ""+29300"", ""buy_bid"": ""+29250"", ""unit_cntr_pric"": """", ""unit_cntr_qty"": """", ""tdy_trde_cmsn"": ""0"", ""tdy_trde_tax"": ""0"", ""ind_invsr"": """", ""stex_tp"": ""1"", ""stex_tp_txt"": ""KRX"", ""sor_yn"": ""N"", ""stop_pric"": ""0""}, {""acnt_no"": ""5704609010"", ""ord_no"": ""0339363"", ""mang_empno"": """", ""stk_cd"": ""000240"", ""tsk_tp"": """", ""ord_stt"": ""접수"", ""stk_nm"": ""한국앤컴퍼니"", ""ord_qty"": ""26"", ""ord_pric"": ""26850"", ""oso_qty"": ""26"", ""cntr_tot_amt"": ""0"", ""orig_ord_no"": ""0000000"", ""io_tp_nm"": ""-매도"", ""trde_tp"": ""보통"", ""tm"": ""111533"", ""cntr_no"": """", ""cntr_pric"": ""0"", ""cntr_qty"": ""0"", ""cur_prc"": ""-26600"", ""sel_bid"": ""-26650"", ""buy_bid"": ""-26600"", ""unit_cntr_pric"": """", ""unit_cntr_qty"": """", ""tdy_trde_cmsn"": ""0"", ""tdy_trde_tax"": ""0"", ""ind_invsr"": """", ""stex_tp"": ""1"", ""stex_tp_txt"": ""KRX"", ""sor_yn"": ""N"", ""stop_pric"": ""0""}]"
2026-06-17,daily_loss_check,737355,2129755,0,2129755,6065,-0.28558782119800913,-0.43969014278184854,"[{""ticker"": ""000240"", ""quantity"": 26, ""avg_price"": 26700, ""raw"": {""stk_cd"": ""A000240"", ""stk_nm"": ""한국앤컴퍼니"", ""evltv_prft"": ""-00000000004182"", ""prft_rt"": ""-0.60"", ""pur_pric"": ""000000000026700"", ""pred_close_pric"": ""000000028000"", ""rmnd_qty"": ""000000000000026"", ""trde_able_qty"": ""000000000000000"", ""cur_prc"": ""000000026600"", ""pred_buyq"": ""000000000000000"", ""pred_sellq"": ""000000000000000"", ""tdy_buyq"": ""000000000000051"", ""tdy_sellq"": ""000000000000025"", ""pur_amt"": ""000000000694200"", ""pur_cmsn"": ""000000000000100"", ""evlt_amt"": ""000000000691600"", ""sell_cmsn"": ""000000000000100"", ""tax"": ""000000000001382"", ""sum_cmsn"": ""000000000000200"", ""poss_rt"": ""49.81"", ""crd_tp"": ""00"", ""crd_tp_nm"": """", ""crd_loan_dt"": """"}}, {""ticker"": ""003160"", ""quantity"": 24, ""avg_price"": 29150, ""raw"": {""stk_cd"": ""A003160"", ""stk_nm"": ""디아이"", ""evltv_prft"": ""-00000000000401"", ""prft_rt"": ""-0.06"", ""pur_pric"": ""000000000029150"", ""pred_close_pric"": ""000000028850"", ""rmnd_qty"": ""000000000000024"", ""trde_able_qty"": ""000000000000000"", ""cur_prc"": ""000000029200"", ""pred_buyq"": ""000000000000000"", ""pred_sellq"": ""000000000000000"", ""tdy_buyq"": ""000000000000024"", ""tdy_sellq"": ""000000000000000"", ""pur_amt"": ""000000000699600"", ""pur_cmsn"": ""000000000000100"", ""evlt_amt"": ""000000000700800"", ""sell_cmsn"": ""000000000000100"", ""tax"": ""000000000001401"", ""sum_cmsn"": ""000000000000200"", ""poss_rt"": ""50.19"", ""crd_tp"": ""00"", ""crd_tp_nm"": """", ""crd_loan_dt"": """"}}]","[{""acnt_no"": ""5704609010"", ""ord_no"": ""0339710"", ""mang_empno"": """", ""stk_cd"": ""003160"", ""tsk_tp"": """", ""ord_stt"": ""접수"", ""stk_nm"": ""디아이"", ""ord_qty"": ""24"", ""ord_pric"": ""29350"", ""oso_qty"": ""24"", ""cntr_tot_amt"": ""0"", ""orig_ord_no"": ""0000000"", ""io_tp_nm"": ""-매도"", ""trde_tp"": ""보통"", ""tm"": ""111556"", ""cntr_no"": """", ""cntr_pric"": ""0"", ""cntr_qty"": ""0"", ""cur_prc"": ""+29200"", ""sel_bid"": ""+29200"", ""buy_bid"": ""+29150"", ""unit_cntr_pric"": """", ""unit_cntr_qty"": """", ""tdy_trde_cmsn"": ""0"", ""tdy_trde_tax"": ""0"", ""ind_invsr"": """", ""stex_tp"": ""1"", ""stex_tp_txt"": ""KRX"", ""sor_yn"": ""N"", ""stop_pric"": ""0""}, {""acnt_no"": ""5704609010"", ""ord_no"": ""0339363"", ""mang_empno"": """", ""stk_cd"": ""000240"", ""tsk_tp"": """", ""ord_stt"": ""접수"", ""stk_nm"": ""한국앤컴퍼니"", ""ord_qty"": ""26"", ""ord_pric"": ""26850"", ""oso_qty"": ""26"", ""cntr_tot_amt"": ""0"", ""orig_ord_no"": ""0000000"", ""io_tp_nm"": ""-매도"", ""trde_tp"": ""보통"", ""tm"": ""111533"", ""cntr_no"": """", ""cntr_pric"": ""0"", ""cntr_qty"": ""0"", ""cur_prc"": ""-26600"", ""sel_bid"": ""-26650"", ""buy_bid"": ""-26600"", ""unit_cntr_pric"": """", ""unit_cntr_qty"": """", ""tdy_trde_cmsn"": ""0"", ""tdy_trde_tax"": ""0"", ""ind_invsr"": """", ""stex_tp"": ""1"", ""stex_tp_txt"": ""KRX"", ""sor_yn"": ""N"", ""stop_pric"": ""0""}]"
2026-06-17,daily_loss_check,737355,2127155,0,2127155,3465,-0.16315940650471586,-0.43969014278184854,"[{""ticker"": ""000240"", ""quantity"": 26, ""avg_price"": 26700, ""raw"": {""stk_cd"": ""A000240"", ""stk_nm"": ""한국앤컴퍼니"", ""evltv_prft"": ""-00000000005480"", ""prft_rt"": ""-0.79"", ""pur_pric"": ""000000000026700"", ""pred_close_pric"": ""000000028000"", ""rmnd_qty"": ""000000000000026"", ""trde_able_qty"": ""000000000000000"", ""cur_prc"": ""000000026550"", ""pred_buyq"": ""000000000000000"", ""pred_sellq"": ""000000000000000"", ""tdy_buyq"": ""000000000000051"", ""tdy_sellq"": ""000000000000025"", ""pur_amt"": ""000000000694200"", ""pur_cmsn"": ""000000000000100"", ""evlt_amt"": ""000000000690300"", ""sell_cmsn"": ""000000000000100"", ""tax"": ""000000000001380"", ""sum_cmsn"": ""000000000000200"", ""poss_rt"": ""49.81"", ""crd_tp"": ""00"", ""crd_tp_nm"": """", ""crd_loan_dt"": """"}}, {""ticker"": ""003160"", ""quantity"": 24, ""avg_price"": 29150, ""raw"": {""stk_cd"": ""A003160"", ""stk_nm"": ""디아이"", ""evltv_prft"": ""-00000000001598"", ""prft_rt"": ""-0.23"", ""pur_pric"": ""000000000029150"", ""pred_close_pric"": ""000000028850"", ""rmnd_qty"": ""000000000000024"", ""trde_able_qty"": ""000000000000000"", ""cur_prc"": ""000000029150"", ""pred_buyq"": ""000000000000000"", ""pred_sellq"": ""000000000000000"", ""tdy_buyq"": ""000000000000024"", ""tdy_sellq"": ""000000000000000"", ""pur_amt"": ""000000000699600"", ""pur_cmsn"": ""000000000000100"", ""evlt_amt"": ""000000000699600"", ""sell_cmsn"": ""000000000000100"", ""tax"": ""000000000001398"", ""sum_cmsn"": ""000000000000200"", ""poss_rt"": ""50.19"", ""crd_tp"": ""00"", ""crd_tp_nm"": """", ""crd_loan_dt"": """"}}]","[{""acnt_no"": ""5704609010"", ""ord_no"": ""0339710"", ""mang_empno"": """", ""stk_cd"": ""003160"", ""tsk_tp"": """", ""ord_stt"": ""접수"", ""stk_nm"": ""디아이"", ""ord_qty"": ""24"", ""ord_pric"": ""29350"", ""oso_qty"": ""24"", ""cntr_tot_amt"": ""0"", ""orig_ord_no"": ""0000000"", ""io_tp_nm"": ""-매도"", ""trde_tp"": ""보통"", ""tm"": ""111556"", ""cntr_no"": """", ""cntr_pric"": ""0"", ""cntr_qty"": ""0"", ""cur_prc"": ""+29150"", ""sel_bid"": ""+29200"", ""buy_bid"": ""+29150"", ""unit_cntr_pric"": """", ""unit_cntr_qty"": """", ""tdy_trde_cmsn"": ""0"", ""tdy_trde_tax"": ""0"", ""ind_invsr"": """", ""stex_tp"": ""1"", ""stex_tp_txt"": ""KRX"", ""sor_yn"": ""N"", ""stop_pric"": ""0""}, {""acnt_no"": ""5704609010"", ""ord_no"": ""0339363"", ""mang_empno"": """", ""stk_cd"": ""000240"", ""tsk_tp"": """", ""ord_stt"": ""접수"", ""stk_nm"": ""한국앤컴퍼니"", ""ord_qty"": ""26"", ""ord_pric"": ""26850"", ""oso_qty"": ""26"", ""cntr_tot_amt"": ""0"", ""orig_ord_no"": ""0000000"", ""io_tp_nm"": ""-매도"", ""trde_tp"": ""보통"", ""tm"": ""111533"", ""cntr_no"": """", ""cntr_pric"": ""0"", ""cntr_qty"": ""0"", ""cur_prc"": ""-26550"", ""sel_bid"": ""-26550"", ""buy_bid"": ""-26500"", ""unit_cntr_pric"": """", ""unit_cntr_qty"": """", ""tdy_trde_cmsn"": ""0"", ""tdy_trde_tax"": ""0"", ""ind_invsr"": """", ""stex_tp"": ""1"", ""stex_tp_txt"": ""KRX"", ""sor_yn"": ""N"", ""stop_pric"": ""0""}]"
2026-06-17,daily_loss_check,737355,2128355,0,2128355,4665,-0.21966482867085121,0.09132995668415356,"[{""ticker"": ""000240"", ""quantity"": 26, ""avg_price"": 26700, ""raw"": {""stk_cd"": ""A000240"", ""stk_nm"": ""한국앤컴퍼니"", ""evltv_prft"": ""-00000000008074"", ""prft_rt"": ""-1.16"", ""pur_pric"": ""000000000026700"", ""pred_close_pric"": ""000000028000"", ""rmnd_qty"": ""000000000000026"", ""trde_able_qty"": ""000000000000000"", ""cur_prc"": ""000000026450"", ""pred_buyq"": ""000000000000000"", ""pred_sellq"": ""000000000000000"", ""tdy_buyq"": ""000000000000051"", ""tdy_sellq"": ""000000000000025"", ""pur_amt"": ""000000000694200"", ""pur_cmsn"": ""000000000000100"", ""evlt_amt"": ""000000000687700"", ""sell_cmsn"": ""000000000000100"", ""tax"": ""000000000001374"", ""sum_cmsn"": ""000000000000200"", ""poss_rt"": ""49.81"", ""crd_tp"": ""00"", ""crd_tp_nm"": """", ""crd_loan_dt"": """"}}, {""ticker"": ""003160"", ""quantity"": 24, ""avg_price"": 29150, ""raw"": {""stk_cd"": ""A003160"", ""stk_nm"": ""디아이"", ""evltv_prft"": ""-00000000001598"", ""prft_rt"": ""-0.23"", ""pur_pric"": ""000000000029150"", ""pred_close_pric"": ""000000028850"", ""rmnd_qty"": ""000000000000024"", ""trde_able_qty"": ""000000000000000"", ""cur_prc"": ""000000029150"", ""pred_buyq"": ""000000000000000"", ""pred_sellq"": ""000000000000000"", ""tdy_buyq"": ""000000000000024"", ""tdy_sellq"": ""000000000000000"", ""pur_amt"": ""000000000699600"", ""pur_cmsn"": ""000000000000100"", ""evlt_amt"": ""000000000699600"", ""sell_cmsn"": ""000000000000100"", ""tax"": ""000000000001398"", ""sum_cmsn"": ""000000000000200"", ""poss_rt"": ""50.19"", ""crd_tp"": ""00"", ""crd_tp_nm"": """", ""crd_loan_dt"": """"}}]","[{""acnt_no"": ""5704609010"", ""ord_no"": ""0339710"", ""mang_empno"": """", ""stk_cd"": ""003160"", ""tsk_tp"": """", ""ord_stt"": ""접수"", ""stk_nm"": ""디아이"", ""ord_qty"": ""24"", ""ord_pric"": ""29350"", ""oso_qty"": ""24"", ""cntr_tot_amt"": ""0"", ""orig_ord_no"": ""0000000"", ""io_tp_nm"": ""-매도"", ""trde_tp"": ""보통"", ""tm"": ""111556"", ""cntr_no"": """", ""cntr_pric"": ""0"", ""cntr_qty"": ""0"", ""cur_prc"": ""+29150"", ""sel_bid"": ""+29200"", ""buy_bid"": ""+29150"", ""unit_cntr_pric"": """", ""unit_cntr_qty"": """", ""tdy_trde_cmsn"": ""0"", ""tdy_trde_tax"": ""0"", ""ind_invsr"": """", ""stex_tp"": ""1"", ""stex_tp_txt"": ""KRX"", ""sor_yn"": ""N"", ""stop_pric"": ""0""}, {""acnt_no"": ""5704609010"", ""ord_no"": ""0339363"", ""mang_empno"": """", ""stk_cd"": ""000240"", ""tsk_tp"": """", ""ord_stt"": ""접수"", ""stk_nm"": ""한국앤컴퍼니"", ""ord_qty"": ""26"", ""ord_pric"": ""26850"", ""oso_qty"": ""26"", ""cntr_tot_amt"": ""0"", ""orig_ord_no"": ""0000000"", ""io_tp_nm"": ""-매도"", ""trde_tp"": ""보통"", ""tm"": ""111533"", ""cntr_no"": """", ""cntr_pric"": ""0"", ""cntr_qty"": ""0"", ""cur_prc"": ""-26450"", ""sel_bid"": ""-26500"", ""buy_bid"": ""-26450"", ""unit_cntr_pric"": """", ""unit_cntr_qty"": """", ""tdy_trde_cmsn"": ""0"", ""tdy_trde_tax"": ""0"", ""ind_invsr"": """", ""stex_tp"": ""1"", ""stex_tp_txt"": ""KRX"", ""sor_yn"": ""N"", ""stop_pric"": ""0""}]"
2026-06-17,daily_loss_check,737355,2125955,0,2125955,2265,-0.10665398433858048,0.09132995668415356,"[{""ticker"": ""000240"", ""quantity"": 26, ""avg_price"": 26700, ""raw"": {""stk_cd"": ""A000240"", ""stk_nm"": ""한국앤컴퍼니"", ""evltv_prft"": ""-00000000006777"", ""prft_rt"": ""-0.98"", ""pur_pric"": ""000000000026700"", ""pred_close_pric"": ""000000028000"", ""rmnd_qty"": ""000000000000026"", ""trde_able_qty"": ""000000000000000"", ""cur_prc"": ""000000026500"", ""pred_buyq"": ""000000000000000"", ""pred_sellq"": ""000000000000000"", ""tdy_buyq"": ""000000000000051"", ""tdy_sellq"": ""000000000000025"", ""pur_amt"": ""000000000694200"", ""pur_cmsn"": ""000000000000100"", ""evlt_amt"": ""000000000689000"", ""sell_cmsn"": ""000000000000100"", ""tax"": ""000000000001377"", ""sum_cmsn"": ""000000000000200"", ""poss_rt"": ""49.81"", ""crd_tp"": ""00"", ""crd_tp_nm"": """", ""crd_loan_dt"": """"}}, {""ticker"": ""003160"", ""quantity"": 24, ""avg_price"": 29150, ""raw"": {""stk_cd"": ""A003160"", ""stk_nm"": ""디아이"", ""evltv_prft"": ""-00000000001000"", ""prft_rt"": ""-0.14"", ""pur_pric"": ""000000000029150"", ""pred_close_pric"": ""000000028850"", ""rmnd_qty"": ""000000000000024"", ""trde_able_qty"": ""000000000000000"", ""cur_prc"": ""000000029175"", ""pred_buyq"": ""000000000000000"", ""pred_sellq"": ""000000000000000"", ""tdy_buyq"": ""000000000000024"", ""tdy_sellq"": ""000000000000000"", ""pur_amt"": ""000000000699600"", ""pur_cmsn"": ""000000000000100"", ""evlt_amt"": ""000000000700200"", ""sell_cmsn"": ""000000000000100"", ""tax"": ""000000000001400"", ""sum_cmsn"": ""000000000000200"", ""poss_rt"": ""50.19"", ""crd_tp"": ""00"", ""crd_tp_nm"": """", ""crd_loan_dt"": """"}}]","[{""acnt_no"": ""5704609010"", ""ord_no"": ""0339710"", ""mang_empno"": """", ""stk_cd"": ""003160"", ""tsk_tp"": """", ""ord_stt"": ""접수"", ""stk_nm"": ""디아이"", ""ord_qty"": ""24"", ""ord_pric"": ""29350"", ""oso_qty"": ""24"", ""cntr_tot_amt"": ""0"", ""orig_ord_no"": ""0000000"", ""io_tp_nm"": ""-매도"", ""trde_tp"": ""보통"", ""tm"": ""111556"", ""cntr_no"": """", ""cntr_pric"": ""0"", ""cntr_qty"": ""0"", ""cur_prc"": ""+29175"", ""sel_bid"": ""+29200"", ""buy_bid"": ""+29150"", ""unit_cntr_pric"": """", ""unit_cntr_qty"": """", ""tdy_trde_cmsn"": ""0"", ""tdy_trde_tax"": ""0"", ""ind_invsr"": """", ""stex_tp"": ""1"", ""stex_tp_txt"": ""KRX"", ""sor_yn"": ""N"", ""stop_pric"": ""0""}, {""acnt_no"": ""5704609010"", ""ord_no"": ""0339363"", ""mang_empno"": """", ""stk_cd"": ""000240"", ""tsk_tp"": """", ""ord_stt"": ""접수"", ""stk_nm"": ""한국앤컴퍼니"", ""ord_qty"": ""26"", ""ord_pric"": ""26850"", ""oso_qty"": ""26"", ""cntr_tot_amt"": ""0"", ""orig_ord_no"": ""0000000"", ""io_tp_nm"": ""-매도"", ""trde_tp"": ""보통"", ""tm"": ""111533"", ""cntr_no"": """", ""cntr_pric"": ""0"", ""cntr_qty"": ""0"", ""cur_prc"": ""-26500"", ""sel_bid"": ""-26500"", ""buy_bid"": ""-26450"", ""unit_cntr_pric"": """", ""unit_cntr_qty"": """", ""tdy_trde_cmsn"": ""0"", ""tdy_trde_tax"": ""0"", ""ind_invsr"": """", ""stex_tp"": ""1"", ""stex_tp_txt"": ""KRX"", ""sor_yn"": ""N"", ""stop_pric"": ""0""}]"
2026-06-17,daily_loss_check,737355,2126055,0,2126055,2365,-0.11136276951909177,0.09132995668415356,"[{""ticker"": ""000240"", ""quantity"": 26, ""avg_price"": 26700, ""raw"": {""stk_cd"": ""A000240"", ""stk_nm"": ""한국앤컴퍼니"", ""evltv_prft"": ""-00000000006777"", ""prft_rt"": ""-0.98"", ""pur_pric"": ""000000000026700"", ""pred_close_pric"": ""000000028000"", ""rmnd_qty"": ""000000000000026"", ""trde_able_qty"": ""000000000000000"", ""cur_prc"": ""000000026500"", ""pred_buyq"": ""000000000000000"", ""pred_sellq"": ""000000000000000"", ""tdy_buyq"": ""000000000000051"", ""tdy_sellq"": ""000000000000025"", ""pur_amt"": ""000000000694200"", ""pur_cmsn"": ""000000000000100"", ""evlt_amt"": ""000000000689000"", ""sell_cmsn"": ""000000000000100"", ""tax"": ""000000000001377"", ""sum_cmsn"": ""000000000000200"", ""poss_rt"": ""49.81"", ""crd_tp"": ""00"", ""crd_tp_nm"": """", ""crd_loan_dt"": """"}}, {""ticker"": ""003160"", ""quantity"": 24, ""avg_price"": 29150, ""raw"": {""stk_cd"": ""A003160"", ""stk_nm"": ""디아이"", ""evltv_prft"": ""-00000000001598"", ""prft_rt"": ""-0.23"", ""pur_pric"": ""000000000029150"", ""pred_close_pric"": ""000000028850"", ""rmnd_qty"": ""000000000000024"", ""trde_able_qty"": ""000000000000000"", ""cur_prc"": ""000000029150"", ""pred_buyq"": ""000000000000000"", ""pred_sellq"": ""000000000000000"", ""tdy_buyq"": ""000000000000024"", ""tdy_sellq"": ""000000000000000"", ""pur_amt"": ""000000000699600"", ""pur_cmsn"": ""000000000000100"", ""evlt_amt"": ""000000000699600"", ""sell_cmsn"": ""000000000000100"", ""tax"": ""000000000001398"", ""sum_cmsn"": ""000000000000200"", ""poss_rt"": ""50.19"", ""crd_tp"": ""00"", ""crd_tp_nm"": """", ""crd_loan_dt"": """"}}]","[{""acnt_no"": ""5704609010"", ""ord_no"": ""0339710"", ""mang_empno"": """", ""stk_cd"": ""003160"", ""tsk_tp"": """", ""ord_stt"": ""접수"", ""stk_nm"": ""디아이"", ""ord_qty"": ""24"", ""ord_pric"": ""29350"", ""oso_qty"": ""24"", ""cntr_tot_amt"": ""0"", ""orig_ord_no"": ""0000000"", ""io_tp_nm"": ""-매도"", ""trde_tp"": ""보통"", ""tm"": ""111556"", ""cntr_no"": """", ""cntr_pric"": ""0"", ""cntr_qty"": ""0"", ""cur_prc"": ""+29150"", ""sel_bid"": ""+29200"", ""buy_bid"": ""+29150"", ""unit_cntr_pric"": """", ""unit_cntr_qty"": """", ""tdy_trde_cmsn"": ""0"", ""tdy_trde_tax"": ""0"", ""ind_invsr"": """", ""stex_tp"": ""1"", ""stex_tp_txt"": ""KRX"", ""sor_yn"": ""N"", ""stop_pric"": ""0""}, {""acnt_no"": ""5704609010"", ""ord_no"": ""0339363"", ""mang_empno"": """", ""stk_cd"": ""000240"", ""tsk_tp"": """", ""ord_stt"": ""접수"", ""stk_nm"": ""한국앤컴퍼니"", ""ord_qty"": ""26"", ""ord_pric"": ""26850"", ""oso_qty"": ""26"", ""cntr_tot_amt"": ""0"", ""orig_ord_no"": ""0000000"", ""io_tp_nm"": ""-매도"", ""trde_tp"": ""보통"", ""tm"": ""111533"", ""cntr_no"": """", ""cntr_pric"": ""0"", ""cntr_qty"": ""0"", ""cur_prc"": ""-26500"", ""sel_bid"": ""-26550"", ""buy_bid"": ""-26500"", ""unit_cntr_pric"": """", ""unit_cntr_qty"": """", ""tdy_trde_cmsn"": ""0"", ""tdy_trde_tax"": ""0"", ""ind_invsr"": """", ""stex_tp"": ""1"", ""stex_tp_txt"": ""KRX"", ""sor_yn"": ""N"", ""stop_pric"": ""0""}]"
2026-06-17,daily_loss_check,737355,2125955,0,2125955,2265,-0.10665398433858048,0.09132995668415356,"[{""ticker"": ""000240"", ""quantity"": 26, ""avg_price"": 26700, ""raw"": {""stk_cd"": ""A000240"", ""stk_nm"": ""한국앤컴퍼니"", ""evltv_prft"": ""-00000000005480"", ""prft_rt"": ""-0.79"", ""pur_pric"": ""000000000026700"", ""pred_close_pric"": ""000000028000"", ""rmnd_qty"": ""000000000000026"", ""trde_able_qty"": ""000000000000000"", ""cur_prc"": ""000000026550"", ""pred_buyq"": ""000000000000000"", ""pred_sellq"": ""000000000000000"", ""tdy_buyq"": ""000000000000051"", ""tdy_sellq"": ""000000000000025"", ""pur_amt"": ""000000000694200"", ""pur_cmsn"": ""000000000000100"", ""evlt_amt"": ""000000000690300"", ""sell_cmsn"": ""000000000000100"", ""tax"": ""000000000001380"", ""sum_cmsn"": ""000000000000200"", ""poss_rt"": ""49.81"", ""crd_tp"": ""00"", ""crd_tp_nm"": """", ""crd_loan_dt"": """"}}, {""ticker"": ""003160"", ""quantity"": 24, ""avg_price"": 29150, ""raw"": {""stk_cd"": ""A003160"", ""stk_nm"": ""디아이"", ""evltv_prft"": ""-00000000003993"", ""prft_rt"": ""-0.57"", ""pur_pric"": ""000000000029150"", ""pred_close_pric"": ""000000028850"", ""rmnd_qty"": ""000000000000024"", ""trde_able_qty"": ""000000000000000"", ""cur_prc"": ""000000029050"", ""pred_buyq"": ""000000000000000"", ""pred_sellq"": ""000000000000000"", ""tdy_buyq"": ""000000000000024"", ""tdy_sellq"": ""000000000000000"", ""pur_amt"": ""000000000699600"", ""pur_cmsn"": ""000000000000100"", ""evlt_amt"": ""000000000697200"", ""sell_cmsn"": ""000000000000100"", ""tax"": ""000000000001393"", ""sum_cmsn"": ""000000000000200"", ""poss_rt"": ""50.19"", ""crd_tp"": ""00"", ""crd_tp_nm"": """", ""crd_loan_dt"": """"}}]","[{""acnt_no"": ""5704609010"", ""ord_no"": ""0339710"", ""mang_empno"": """", ""stk_cd"": ""003160"", ""tsk_tp"": """", ""ord_stt"": ""접수"", ""stk_nm"": ""디아이"", ""ord_qty"": ""24"", ""ord_pric"": ""29350"", ""oso_qty"": ""24"", ""cntr_tot_amt"": ""0"", ""orig_ord_no"": ""0000000"", ""io_tp_nm"": ""-매도"", ""trde_tp"": ""보통"", ""tm"": ""111556"", ""cntr_no"": """", ""cntr_pric"": ""0"", ""cntr_qty"": ""0"", ""cur_prc"": ""+29050"", ""sel_bid"": ""+29100"", ""buy_bid"": ""+29050"", ""unit_cntr_pric"": """", ""unit_cntr_qty"": """", ""tdy_trde_cmsn"": ""0"", ""tdy_trde_tax"": ""0"", ""ind_invsr"": """", ""stex_tp"": ""1"", ""stex_tp_txt"": ""KRX"", ""sor_yn"": ""N"", ""stop_pric"": ""0""}, {""acnt_no"": ""5704609010"", ""ord_no"": ""0339363"", ""mang_empno"": """", ""stk_cd"": ""000240"", ""tsk_tp"": """", ""ord_stt"": ""접수"", ""stk_nm"": ""한국앤컴퍼니"", ""ord_qty"": ""26"", ""ord_pric"": ""26850"", ""oso_qty"": ""26"", ""cntr_tot_amt"": ""0"", ""orig_ord_no"": ""0000000"", ""io_tp_nm"": ""-매도"", ""trde_tp"": ""보통"", ""tm"": ""111533"", ""cntr_no"": """", ""cntr_pric"": ""0"", ""cntr_qty"": ""0"", ""cur_prc"": ""-26550"", ""sel_bid"": ""-26550"", ""buy_bid"": ""-26500"", ""unit_cntr_pric"": """", ""unit_cntr_qty"": """", ""tdy_trde_cmsn"": ""0"", ""tdy_trde_tax"": ""0"", ""ind_invsr"": """", ""stex_tp"": ""1"", ""stex_tp_txt"": ""KRX"", ""sor_yn"": ""N"", ""stop_pric"": ""0""}]"
2026-06-17,daily_loss_check,737355,2125955,0,2125955,2265,-0.10665398433858048,0.09132995668415356,"[{""ticker"": ""000240"", ""quantity"": 26, ""avg_price"": 26700, ""raw"": {""stk_cd"": ""A000240"", ""stk_nm"": ""한국앤컴퍼니"", ""evltv_prft"": ""-00000000008074"", ""prft_rt"": ""-1.16"", ""pur_pric"": ""000000000026700"", ""pred_close_pric"": ""000000028000"", ""rmnd_qty"": ""000000000000026"", ""trde_able_qty"": ""000000000000000"", ""cur_prc"": ""000000026450"", ""pred_buyq"": ""000000000000000"", ""pred_sellq"": ""000000000000000"", ""tdy_buyq"": ""000000000000051"", ""tdy_sellq"": ""000000000000025"", ""pur_amt"": ""000000000694200"", ""pur_cmsn"": ""000000000000100"", ""evlt_amt"": ""000000000687700"", ""sell_cmsn"": ""000000000000100"", ""tax"": ""000000000001374"", ""sum_cmsn"": ""000000000000200"", ""poss_rt"": ""49.81"", ""crd_tp"": ""00"", ""crd_tp_nm"": """", ""crd_loan_dt"": """"}}, {""ticker"": ""003160"", ""quantity"": 24, ""avg_price"": 29150, ""raw"": {""stk_cd"": ""A003160"", ""stk_nm"": ""디아이"", ""evltv_prft"": ""-00000000002796"", ""prft_rt"": ""-0.40"", ""pur_pric"": ""000000000029150"", ""pred_close_pric"": ""000000028850"", ""rmnd_qty"": ""000000000000024"", ""trde_able_qty"": ""000000000000000"", ""cur_prc"": ""000000029100"", ""pred_buyq"": ""000000000000000"", ""pred_sellq"": ""000000000000000"", ""tdy_buyq"": ""000000000000024"", ""tdy_sellq"": ""000000000000000"", ""pur_amt"": ""000000000699600"", ""pur_cmsn"": ""000000000000100"", ""evlt_amt"": ""000000000698400"", ""sell_cmsn"": ""000000000000100"", ""tax"": ""000000000001396"", ""sum_cmsn"": ""000000000000200"", ""poss_rt"": ""50.19"", ""crd_tp"": ""00"", ""crd_tp_nm"": """", ""crd_loan_dt"": """"}}]","[{""acnt_no"": ""5704609010"", ""ord_no"": ""0339710"", ""mang_empno"": """", ""stk_cd"": ""003160"", ""tsk_tp"": """", ""ord_stt"": ""접수"", ""stk_nm"": ""디아이"", ""ord_qty"": ""24"", ""ord_pric"": ""29350"", ""oso_qty"": ""24"", ""cntr_tot_amt"": ""0"", ""orig_ord_no"": ""0000000"", ""io_tp_nm"": ""-매도"", ""trde_tp"": ""보통"", ""tm"": ""111556"", ""cntr_no"": """", ""cntr_pric"": ""0"", ""cntr_qty"": ""0"", ""cur_prc"": ""+29100"", ""sel_bid"": ""+29150"", ""buy_bid"": ""+29100"", ""unit_cntr_pric"": """", ""unit_cntr_qty"": """", ""tdy_trde_cmsn"": ""0"", ""tdy_trde_tax"": ""0"", ""ind_invsr"": """", ""stex_tp"": ""1"", ""stex_tp_txt"": ""KRX"", ""sor_yn"": ""N"", ""stop_pric"": ""0""}, {""acnt_no"": ""5704609010"", ""ord_no"": ""0339363"", ""mang_empno"": """", ""stk_cd"": ""000240"", ""tsk_tp"": """", ""ord_stt"": ""접수"", ""stk_nm"": ""한국앤컴퍼니"", ""ord_qty"": ""26"", ""ord_pric"": ""26850"", ""oso_qty"": ""26"", ""cntr_tot_amt"": ""0"", ""orig_ord_no"": ""0000000"", ""io_tp_nm"": ""-매도"", ""trde_tp"": ""보통"", ""tm"": ""111533"", ""cntr_no"": """", ""cntr_pric"": ""0"", ""cntr_qty"": ""0"", ""cur_prc"": ""-26450"", ""sel_bid"": ""-26500"", ""buy_bid"": ""-26450"", ""unit_cntr_pric"": """", ""unit_cntr_qty"": """", ""tdy_trde_cmsn"": ""0"", ""tdy_trde_tax"": ""0"", ""ind_invsr"": """", ""stex_tp"": ""1"", ""stex_tp_txt"": ""KRX"", ""sor_yn"": ""N"", ""stop_pric"": ""0""}]"
2026-06-17,daily_loss_check,737355,2122255,0,2122255,-1435,0.06757106734033687,0.09132995668415356,"[{""ticker"": ""000240"", ""quantity"": 26, ""avg_price"": 26700, ""raw"": {""stk_cd"": ""A000240"", ""stk_nm"": ""한국앤컴퍼니"", ""evltv_prft"": ""-00000000009372"", ""prft_rt"": ""-1.35"", ""pur_pric"": ""000000000026700"", ""pred_close_pric"": ""000000028000"", ""rmnd_qty"": ""000000000000026"", ""trde_able_qty"": ""000000000000000"", ""cur_prc"": ""000000026400"", ""pred_buyq"": ""000000000000000"", ""pred_sellq"": ""000000000000000"", ""tdy_buyq"": ""000000000000051"", ""tdy_sellq"": ""000000000000025"", ""pur_amt"": ""000000000694200"", ""pur_cmsn"": ""000000000000100"", ""evlt_amt"": ""000000000686400"", ""sell_cmsn"": ""000000000000100"", ""tax"": ""000000000001372"", ""sum_cmsn"": ""000000000000200"", ""poss_rt"": ""49.81"", ""crd_tp"": ""00"", ""crd_tp_nm"": """", ""crd_loan_dt"": """"}}, {""ticker"": ""003160"", ""quantity"": 24, ""avg_price"": 29150, ""raw"": {""stk_cd"": ""A003160"", ""stk_nm"": ""디아이"", ""evltv_prft"": ""-00000000002796"", ""prft_rt"": ""-0.40"", ""pur_pric"": ""000000000029150"", ""pred_close_pric"": ""000000028850"", ""rmnd_qty"": ""000000000000024"", ""trde_able_qty"": ""000000000000000"", ""cur_prc"": ""000000029100"", ""pred_buyq"": ""000000000000000"", ""pred_sellq"": ""000000000000000"", ""tdy_buyq"": ""000000000000024"", ""tdy_sellq"": ""000000000000000"", ""pur_amt"": ""000000000699600"", ""pur_cmsn"": ""000000000000100"", ""evlt_amt"": ""000000000698400"", ""sell_cmsn"": ""000000000000100"", ""tax"": ""000000000001396"", ""sum_cmsn"": ""000000000000200"", ""poss_rt"": ""50.19"", ""crd_tp"": ""00"", ""crd_tp_nm"": """", ""crd_loan_dt"": """"}}]","[{""acnt_no"": ""5704609010"", ""ord_no"": ""0339710"", ""mang_empno"": """", ""stk_cd"": ""003160"", ""tsk_tp"": """", ""ord_stt"": ""접수"", ""stk_nm"": ""디아이"", ""ord_qty"": ""24"", ""ord_pric"": ""29350"", ""oso_qty"": ""24"", ""cntr_tot_amt"": ""0"", ""orig_ord_no"": ""0000000"", ""io_tp_nm"": ""-매도"", ""trde_tp"": ""보통"", ""tm"": ""111556"", ""cntr_no"": """", ""cntr_pric"": ""0"", ""cntr_qty"": ""0"", ""cur_prc"": ""+29100"", ""sel_bid"": ""+29150"", ""buy_bid"": ""+29100"", ""unit_cntr_pric"": """", ""unit_cntr_qty"": """", ""tdy_trde_cmsn"": ""0"", ""tdy_trde_tax"": ""0"", ""ind_invsr"": """", ""stex_tp"": ""1"", ""stex_tp_txt"": ""KRX"", ""sor_yn"": ""N"", ""stop_pric"": ""0""}, {""acnt_no"": ""5704609010"", ""ord_no"": ""0339363"", ""mang_empno"": """", ""stk_cd"": ""000240"", ""tsk_tp"": """", ""ord_stt"": ""접수"", ""stk_nm"": ""한국앤컴퍼니"", ""ord_qty"": ""26"", ""ord_pric"": ""26850"", ""oso_qty"": ""26"", ""cntr_tot_amt"": ""0"", ""orig_ord_no"": ""0000000"", ""io_tp_nm"": ""-매도"", ""trde_tp"": ""보통"", ""tm"": ""111533"", ""cntr_no"": """", ""cntr_pric"": ""0"", ""cntr_qty"": ""0"", ""cur_prc"": ""-26400"", ""sel_bid"": ""-26450"", ""buy_bid"": ""-26400"", ""unit_cntr_pric"": """", ""unit_cntr_qty"": """", ""tdy_trde_cmsn"": ""0"", ""tdy_trde_tax"": ""0"", ""ind_invsr"": """", ""stex_tp"": ""1"", ""stex_tp_txt"": ""KRX"", ""sor_yn"": ""N"", ""stop_pric"": ""0""}]"
2026-06-17,daily_loss_check,1404867,2103267,0,2103267,-20423,0.9616751974158186,0.09132995668415356,"[{""ticker"": ""003160"", ""quantity"": 24, ""avg_price"": 29150, ""raw"": {""stk_cd"": ""A003160"", ""stk_nm"": ""디아이"", ""evltv_prft"": ""-00000000002796"", ""prft_rt"": ""-0.40"", ""pur_pric"": ""000000000029150"", ""pred_close_pric"": ""000000028850"", ""rmnd_qty"": ""000000000000024"", ""trde_able_qty"": ""000000000000000"", ""cur_prc"": ""000000029100"", ""pred_buyq"": ""000000000000000"", ""pred_sellq"": ""000000000000000"", ""tdy_buyq"": ""000000000000024"", ""tdy_sellq"": ""000000000000000"", ""pur_amt"": ""000000000699600"", ""pur_cmsn"": ""000000000000100"", ""evlt_amt"": ""000000000698400"", ""sell_cmsn"": ""000000000000100"", ""tax"": ""000000000001396"", ""sum_cmsn"": ""000000000000200"", ""poss_rt"": ""100.00"", ""crd_tp"": ""00"", ""crd_tp_nm"": """", ""crd_loan_dt"": """"}}]","[{""acnt_no"": ""5704609010"", ""ord_no"": ""0339710"", ""mang_empno"": """", ""stk_cd"": ""003160"", ""tsk_tp"": """", ""ord_stt"": ""접수"", ""stk_nm"": ""디아이"", ""ord_qty"": ""24"", ""ord_pric"": ""29350"", ""oso_qty"": ""24"", ""cntr_tot_amt"": ""0"", ""orig_ord_no"": ""0000000"", ""io_tp_nm"": ""-매도"", ""trde_tp"": ""보통"", ""tm"": ""111556"", ""cntr_no"": """", ""cntr_pric"": ""0"", ""cntr_qty"": ""0"", ""cur_prc"": ""+29100"", ""sel_bid"": ""+29150"", ""buy_bid"": ""+29100"", ""unit_cntr_pric"": """", ""unit_cntr_qty"": """", ""tdy_trde_cmsn"": ""0"", ""tdy_trde_tax"": ""0"", ""ind_invsr"": """", ""stex_tp"": ""1"", ""stex_tp_txt"": ""KRX"", ""sor_yn"": ""N"", ""stop_pric"": ""0""}]"
2026-06-17,daily_loss_check,1404867,2104467,0,2104467,-19223,0.9051697752496833,0.09132995668415356,"[{""ticker"": ""003160"", ""quantity"": 24, ""avg_price"": 29150, ""raw"": {""stk_cd"": ""A003160"", ""stk_nm"": ""디아이"", ""evltv_prft"": ""-00000000001598"", ""prft_rt"": ""-0.23"", ""pur_pric"": ""000000000029150"", ""pred_close_pric"": ""000000028850"", ""rmnd_qty"": ""000000000000024"", ""trde_able_qty"": ""000000000000000"", ""cur_prc"": ""000000029150"", ""pred_buyq"": ""000000000000000"", ""pred_sellq"": ""000000000000000"", ""tdy_buyq"": ""000000000000024"", ""tdy_sellq"": ""000000000000000"", ""pur_amt"": ""000000000699600"", ""pur_cmsn"": ""000000000000100"", ""evlt_amt"": ""000000000699600"", ""sell_cmsn"": ""000000000000100"", ""tax"": ""000000000001398"", ""sum_cmsn"": ""000000000000200"", ""poss_rt"": ""100.00"", ""crd_tp"": ""00"", ""crd_tp_nm"": """", ""crd_loan_dt"": """"}}]","[{""acnt_no"": ""5704609010"", ""ord_no"": ""0339710"", ""mang_empno"": """", ""stk_cd"": ""003160"", ""tsk_tp"": """", ""ord_stt"": ""접수"", ""stk_nm"": ""디아이"", ""ord_qty"": ""24"", ""ord_pric"": ""29350"", ""oso_qty"": ""24"", ""cntr_tot_amt"": ""0"", ""orig_ord_no"": ""0000000"", ""io_tp_nm"": ""-매도"", ""trde_tp"": ""보통"", ""tm"": ""111556"", ""cntr_no"": """", ""cntr_pric"": ""0"", ""cntr_qty"": ""0"", ""cur_prc"": ""+29150"", ""sel_bid"": ""+29200"", ""buy_bid"": ""+29150"", ""unit_cntr_pric"": """", ""unit_cntr_qty"": """", ""tdy_trde_cmsn"": ""0"", ""tdy_trde_tax"": ""0"", ""ind_invsr"": """", ""stex_tp"": ""1"", ""stex_tp_txt"": ""KRX"", ""sor_yn"": ""N"", ""stop_pric"": ""0""}]"
2026-06-17,daily_loss_check,1404867,2105667,0,2105667,-18023,0.848664353083548,0.09132995668415356,"[{""ticker"": ""003160"", ""quantity"": 24, ""avg_price"": 29150, ""raw"": {""stk_cd"": ""A003160"", ""stk_nm"": ""디아이"", ""evltv_prft"": ""-00000000001598"", ""prft_rt"": ""-0.23"", ""pur_pric"": ""000000000029150"", ""pred_close_pric"": ""000000028850"", ""rmnd_qty"": ""000000000000024"", ""trde_able_qty"": ""000000000000000"", ""cur_prc"": ""000000029150"", ""pred_buyq"": ""000000000000000"", ""pred_sellq"": ""000000000000000"", ""tdy_buyq"": ""000000000000024"", ""tdy_sellq"": ""000000000000000"", ""pur_amt"": ""000000000699600"", ""pur_cmsn"": ""000000000000100"", ""evlt_amt"": ""000000000699600"", ""sell_cmsn"": ""000000000000100"", ""tax"": ""000000000001398"", ""sum_cmsn"": ""000000000000200"", ""poss_rt"": ""100.00"", ""crd_tp"": ""00"", ""crd_tp_nm"": """", ""crd_loan_dt"": """"}}]","[{""acnt_no"": ""5704609010"", ""ord_no"": ""0339710"", ""mang_empno"": """", ""stk_cd"": ""003160"", ""tsk_tp"": """", ""ord_stt"": ""접수"", ""stk_nm"": ""디아이"", ""ord_qty"": ""24"", ""ord_pric"": ""29350"", ""oso_qty"": ""24"", ""cntr_tot_amt"": ""0"", ""orig_ord_no"": ""0000000"", ""io_tp_nm"": ""-매도"", ""trde_tp"": ""보통"", ""tm"": ""111556"", ""cntr_no"": """", ""cntr_pric"": ""0"", ""cntr_qty"": ""0"", ""cur_prc"": ""+29150"", ""sel_bid"": ""+29150"", ""buy_bid"": ""+29100"", ""unit_cntr_pric"": """", ""unit_cntr_qty"": """", ""tdy_trde_cmsn"": ""0"", ""tdy_trde_tax"": ""0"", ""ind_invsr"": """", ""stex_tp"": ""1"", ""stex_tp_txt"": ""KRX"", ""sor_yn"": ""N"", ""stop_pric"": ""0""}]"
2026-06-17,daily_loss_check,1404867,2106867,0,2106867,-16823,0.7921589309174127,0.09132995668415356,"[{""ticker"": ""003160"", ""quantity"": 24, ""avg_price"": 29150, ""raw"": {""stk_cd"": ""A003160"", ""stk_nm"": ""디아이"", ""evltv_prft"": ""-00000000001598"", ""prft_rt"": ""-0.23"", ""pur_pric"": ""000000000029150"", ""pred_close_pric"": ""000000028850"", ""rmnd_qty"": ""000000000000024"", ""trde_able_qty"": ""000000000000000"", ""cur_prc"": ""000000029150"", ""pred_buyq"": ""000000000000000"", ""pred_sellq"": ""000000000000000"", ""tdy_buyq"": ""000000000000024"", ""tdy_sellq"": ""000000000000000"", ""pur_amt"": ""000000000699600"", ""pur_cmsn"": ""000000000000100"", ""evlt_amt"": ""000000000699600"", ""sell_cmsn"": ""000000000000100"", ""tax"": ""000000000001398"", ""sum_cmsn"": ""000000000000200"", ""poss_rt"": ""100.00"", ""crd_tp"": ""00"", ""crd_tp_nm"": """", ""crd_loan_dt"": """"}}]","[{""acnt_no"": ""5704609010"", ""ord_no"": ""0339710"", ""mang_empno"": """", ""stk_cd"": ""003160"", ""tsk_tp"": """", ""ord_stt"": ""접수"", ""stk_nm"": ""디아이"", ""ord_qty"": ""24"", ""ord_pric"": ""29350"", ""oso_qty"": ""24"", ""cntr_tot_amt"": ""0"", ""orig_ord_no"": ""0000000"", ""io_tp_nm"": ""-매도"", ""trde_tp"": ""보통"", ""tm"": ""111556"", ""cntr_no"": """", ""cntr_pric"": ""0"", ""cntr_qty"": ""0"", ""cur_prc"": ""+29150"", ""sel_bid"": ""+29200"", ""buy_bid"": ""+29150"", ""unit_cntr_pric"": """", ""unit_cntr_qty"": """", ""tdy_trde_cmsn"": ""0"", ""tdy_trde_tax"": ""0"", ""ind_invsr"": """", ""stex_tp"": ""1"", ""stex_tp_txt"": ""KRX"", ""sor_yn"": ""N"", ""stop_pric"": ""0""}]"
2026-06-17,daily_loss_check,2112415,2112415,0,2112415,-11275,0.5309155291026468,0.09132995668415356,[],[]
2026-06-17,daily_loss_check,2112415,2112415,0,2112415,-11275,0.5309155291026468,0.09132995668415356,[],[]
2026-06-17,daily_loss_check,2112415,2112415,0,2112415,-11275,0.5309155291026468,0.09132995668415356,[],[]
2026-06-17,daily_loss_check,2112415,2112415,0,2112415,-11275,0.5309155291026468,-0.0859441248596246,[],[]
2026-06-17,daily_loss_check,2112415,2112415,0,2112415,-11275,0.5309155291026468,-0.0859441248596246,[],[]
2026-06-17,daily_loss_check,2112415,2112415,0,2112415,-11275,0.5309155291026468,-0.0859441248596246,[],[]
2026-06-17,daily_loss_check,2112415,2112415,0,2112415,-11275,0.5309155291026468,-0.0859441248596246,[],[]
2026-06-17,daily_loss_check,2112415,2112415,0,2112415,-11275,0.5309155291026468,-0.0859441248596246,[],[]
2026-06-17,daily_loss_check,2112415,2112415,0,2112415,-11275,0.5309155291026468,-0.0859441248596246,[],[]
2026-06-17,daily_loss_check,2112415,2112415,0,2112415,-11275,0.5309155291026468,-0.0859441248596246,[],[]
2026-06-17,daily_loss_check,2112415,2112415,0,2112415,-11275,0.5309155291026468,-0.0859441248596246,[],[]
2026-06-17,daily_loss_check,2112415,2112415,0,2112415,-11275,0.5309155291026468,-0.0859441248596246,[],[]
2026-06-17,daily_loss_check,2112415,2112415,0,2112415,-11275,0.5309155291026468,-0.0859441248596246,[],[]
2026-06-17,daily_loss_check,2112415,2112415,0,2112415,-11275,0.5309155291026468,-0.0859441248596246,[],[]
2026-06-17,daily_loss_check,2112415,2112415,0,2112415,-11275,0.5309155291026468,-0.0859441248596246,[],[]
2026-06-17,daily_loss_check,2112415,2112415,0,2112415,-11275,0.5309155291026468,-0.0859441248596246,[],[]
2026-06-17,daily_loss_check,2112415,2112415,0,2112415,-11275,0.5309155291026468,-0.0859441248596246,[],[]
2026-06-17,daily_loss_check,2112415,2112415,0,2112415,-11275,0.5309155291026468,-0.0859441248596246,[],[]
2026-06-17,daily_loss_check,2112415,2112415,0,2112415,-11275,0.5309155291026468,-0.0859441248596246,[],[]
2026-06-17,daily_loss_check,2112415,2112415,0,2112415,-11275,0.5309155291026468,-0.0859441248596246,[],[]
2026-06-17,daily_loss_check,2112415,2112415,0,2112415,-11275,0.5309155291026468,-0.0859441248596246,[],[]
2026-06-17,daily_loss_check,2112415,2112415,0,2112415,-11275,0.5309155291026468,-0.0859441248596246,[],[]
2026-06-17,daily_loss_check,2112415,2112415,0,2112415,-11275,0.5309155291026468,-0.0859441248596246,[],[]
2026-06-17,daily_loss_check,2112415,2112415,0,2112415,-11275,0.5309155291026468,-0.0859441248596246,[],[]
2026-06-17,daily_loss_check,2112415,2112415,0,2112415,-11275,0.5309155291026468,-0.0859441248596246,[],[]
2026-06-17,daily_loss_check,2112415,2112415,0,2112415,-11275,0.5309155291026468,-0.0859441248596246,[],[]
2026-06-17,daily_loss_check,2112415,2112415,0,2112415,-11275,0.5309155291026468,-0.0859441248596246,[],[]
2026-06-17,daily_loss_check,2112415,2112415,0,2112415,-11275,0.5309155291026468,-0.0859441248596246,[],[]
2026-06-17,daily_loss_check,2112415,2112415,0,2112415,-11275,0.5309155291026468,-0.0859441248596246,[],[]
2026-06-17,daily_loss_check,2112415,2112415,0,2112415,-11275,0.5309155291026468,-0.0859441248596246,[],[]
2026-06-17,daily_loss_check,2112415,2112415,0,2112415,-11275,0.5309155291026468,-0.0859441248596246,[],[]
2026-06-17,daily_loss_check,2112415,2112415,0,2112415,-11275,0.5309155291026468,-0.0859441248596246,[],[]
2026-06-17,daily_loss_check,2112415,2112415,0,2112415,-11275,0.5309155291026468,-0.0859441248596246,[],[]
2026-06-17,daily_loss_check,2112415,2112415,0,2112415,-11275,0.5309155291026468,-0.0859441248596246,[],[]
2026-06-17,daily_loss_check,2112415,2112415,0,2112415,-11275,0.5309155291026468,-0.0859441248596246,[],[]
2026-06-17,daily_loss_check,2112415,2112415,0,2112415,-11275,0.5309155291026468,-0.0859441248596246,[],[]
2026-06-17,daily_loss_check,2112415,2112415,0,2112415,-11275,0.5309155291026468,-0.0859441248596246,[],[]
2026-06-17,daily_loss_check,2112415,2112415,0,2112415,-11275,0.5309155291026468,-0.0859441248596246,[],[]
2026-06-17,daily_loss_check,2112415,2112415,0,2112415,-11275,0.5309155291026468,-0.0859441248596246,[],[]
2026-06-17,daily_loss_check,2112415,2112415,0,2112415,-11275,0.5309155291026468,-0.0859441248596246,[],[]
2026-06-17,daily_loss_check,2112415,2112415,0,2112415,-11275,0.5309155291026468,-0.0859441248596246,[],[]
2026-06-17,daily_loss_check,2112415,2112415,0,2112415,-11275,0.5309155291026468,-0.0859441248596246,[],[]
2026-06-17,daily_loss_check,2112415,2112415,0,2112415,-11275,0.5309155291026468,-0.0859441248596246,[],[]
2026-06-17,daily_loss_check,2112415,2112415,0,2112415,-11275,0.5309155291026468,-0.0859441248596246,[],[]
2026-06-17,daily_loss_check,2112415,2112415,0,2112415,-11275,0.5309155291026468,-0.0859441248596246,[],[]
2026-06-17,daily_loss_check,2112415,2112415,0,2112415,-11275,0.5309155291026468,-0.0859441248596246,[],[]
